percent_kabbage,fips_code,project_county
0.5500550055005501,01001,AUTAUGA
1.1324824734855294,01003,BALDWIN
2.585034013605442,01005,BARBOUR
2.0408163265306123,01007,BIBB
0.43415340086830684,01009,BLOUNT
2.314814814814815,01011,BULLOCK
2.232142857142857,01013,BUTLER
2.5040827436037016,01015,CALHOUN
1.5717092337917484,01017,CHAMBERS
0.6349206349206349,01019,CHEROKEE
1.6272189349112427,01021,CHILTON
1.0101010101010102,01023,CHOCTAW
1.4953271028037385,01025,CLARKE
NA,01027,CLAY
2.450980392156863,01029,CLEBURNE
1.4691478942213516,01031,COFFEE
0.3857280617164899,01033,COLBERT
2.5559105431309903,01035,CONECUH
2.197802197802198,01037,COOSA
2.127659574468085,01039,COVINGTON
0.2597402597402597,01041,CRENSHAW
0.42643923240938164,01043,CULLMAN
0.6191950464396285,01045,DALE
1.5277777777777777,01047,DALLAS
NA,01049,DEKALB
0.6102212051868803,01051,ELMORE
1.0477299185098952,01053,ESCAMBIA
2.501389660922735,01055,ETOWAH
5.533596837944664,01057,FAYETTE
0.7326007326007326,01059,FRANKLIN
0.7936507936507936,01061,GENEVA
0.7109004739336493,01063,GREENE
1.3333333333333335,01065,HALE
0.4123711340206186,01067,HENRY
0.7374158384097467,01069,HOUSTON
0.10427528675703858,01071,JACKSON
1.707116412998766,01073,JEFFERSON
1.1811023622047243,01075,LAMAR
0.43923865300146414,01077,LAUDERDALE
NA,01079,LAWRENCE
2.146060217809097,01081,LEE
1.2113055181695829,01083,LIMESTONE
0.7194244604316548,01085,LOWNDES
3.0848329048843186,01087,MACON
1.3962033067973056,01089,MADISON
1.129032258064516,01091,MARENGO
0.7766990291262136,01093,MARION
0.4280363830925628,01095,MARSHALL
3.2187323146576117,01097,MOBILE
3.5211267605633805,01099,MONROE
1.5527950310559007,01101,MONTGOMERY
0.43426766679826295,01103,MORGAN
0.5434782608695652,01105,PERRY
0.48543689320388345,01107,PICKENS
0.6345177664974619,01109,PIKE
2.663934426229508,01111,RANDOLPH
2.7728613569321534,01113,RUSSELL
2.801120448179272,01115,SAINT CLAIR
1.5526046986721145,01117,SHELBY
1.837270341207349,01119,SUMTER
2.303754266211604,01121,TALLADEGA
1.0416666666666665,01123,TALLAPOOSA
2.009603414547395,01125,TUSCALOOSA
1.7045454545454544,01127,WALKER
1.2903225806451613,01129,WASHINGTON
0.28169014084507044,01131,WILCOX
4.1208791208791204,01133,WINSTON
1.3888888888888888,02013,ALEUTIANS EAST
NA,02016,ALEUTIANS WEST CENSUS AREA
NA,02020,ANCHORAGE MUNICIPALITY
NA,02050,BETHEL CENSUS AREA
NA,02060,BRISTOL BAY
NA,02068,DENALI
NA,02070,DILLINGHAM CENSUS AREA
0.055741360089186176,02090,FAIRBANKS NORTH STAR
NA,02100,HAINES
NA,02105,HOONAH-ANGOON CENSUS AREA
0.6157635467980296,02110,JUNEAU
0.44969083754918493,02122,KENAI PENINSULA
0.1855287569573284,02130,KETCHIKAN GATEWAY
NA,02150,KODIAK ISLAND
NA,02158,KUSILVAK CENSUS AREA
NA,02164,LAKE AND PENINSULA
NA,02170,MATANUSKA-SUSITNA
NA,02180,NOME CENSUS AREA
2.941176470588235,02185,NORTH SLOPE
NA,02188,NORTHWEST ARCTIC
NA,02195,PETERSBURG CENSUS AREA
NA,02198,PRINCE OF WALES-HYDER CENSUS AREA
NA,02201,PRINCE OF WALES-OUTER KETCHIKAN CENSUS AREA
0.5671077504725899,02220,SITKA
NA,02230,SKAGWAY MUNICIPALITY
NA,02231,SKAGWAY-YAKUTAT-ANGOON CENSUS AREA
NA,02232,SKAGWAY-HOONAH-ANGOON CENSUS AREA
NA,02240,SOUTHEAST FAIRBANKS CENSUS AREA
NA,02261,VALDEZ-CORDOVA CENSUS AREA
NA,02270,WADE HAMPTON CENSUS AREA
NA,02275,WRANGELL
NA,02280,WRANGELL-PETERSBURG CENSUS AREA
NA,02282,YAKUTAT CITY AND
NA,02290,YUKON-KOYUKUK CENSUS AREA
1.4285714285714286,04001,APACHE
0.7377049180327869,04003,COCHISE
1.2129380053908356,04005,COCONINO
0.19723865877712032,04007,GILA
1.5037593984962405,04009,GRAHAM
NA,04011,GREENLEE
2.083333333333333,04012,LA PAZ
1.713962325167758,04013,MARICOPA
1.161751563896336,04015,MOHAVE
1.4492753623188406,04017,"NAVAJO"
1.7219435501983977,04019,PIMA
1.8262457605009133,04021,PINAL
1.4469453376205788,04023,SANTA CRUZ
1.4372581536760642,04025,YAVAPAI
1.1286681715575622,04027,YUMA
0.3454231433506045,05001,ARKANSAS
0.9478672985781991,05003,ASHLEY
0.12836970474967907,05005,BAXTER
0.4715969989281886,05007,BENTON
0.18484288354898337,05009,BOONE
1.7006802721088436,05011,BRADLEY
1.282051282051282,05013,CALHOUN
0.30549898167006106,05015,CARROLL
0.7177033492822966,05017,CHICOT
0.2352941176470588,05019,CLARK
0.7177033492822966,05021,CLAY
NA,05023,CLEBURNE
NA,05025,CLEVELAND
0.8756567425569177,05027,COLUMBIA
0.45351473922902497,05029,CONWAY
0.5121201775349948,05031,CRAIGHEAD
0.23952095808383234,05033,CRAWFORD
1.1954992967651195,05035,CRITTENDEN
0.18796992481203006,05037,CROSS
0.7462686567164178,05039,DALLAS
0.3179650238473768,05041,DESHA
0.18018018018018017,05043,DREW
0.47068891741548996,05045,FAULKNER
NA,05047,FRANKLIN
NA,05049,FULTON
0.5366726296958855,05051,GARLAND
0.8849557522123894,05053,GRANT
0.3171247357293869,05055,GREENE
NA,05057,HEMPSTEAD
0.7712082262210797,05059,HOT SPRING
NA,05061,HOWARD
0.1287001287001287,05063,INDEPENDENCE
NA,05065,IZARD
0.3205128205128205,05067,JACKSON
0.7154650522839846,05069,JEFFERSON
0.5524861878453038,05071,JOHNSON
1.8867924528301887,05073,LAFAYETTE
NA,05075,LAWRENCE
0.3412969283276451,05077,LEE
NA,05079,LINCOLN
NA,05081,LITTLE RIVER
NA,05083,LOGAN
1.1505273250239694,05085,LONOKE
NA,05087,MADISON
1.0204081632653061,05089,MARION
0.2457002457002457,05091,MILLER
0.3703703703703704,05093,MISSISSIPPI
0.3546099290780142,05095,MONROE
NA,05097,MONTGOMERY
0.5376344086021506,05099,NEVADA
0.4291845493562232,05101,NEWTON
0.7537688442211055,05103,OUACHITA
0.6944444444444444,05105,PERRY
0.1838235294117647,05107,PHILLIPS
NA,05109,PIKE
0.43010752688172044,05111,POINSETT
NA,05113,POLK
1.1959521619135236,05115,POPE
NA,05117,PRAIRIE
0.7599361653621095,05119,PULASKI
NA,05121,RANDOLPH
0.37735849056603776,05123,SAINT FRANCIS
1.0460251046025104,05125,SALINE
NA,05127,SCOTT
NA,05129,SEARCY
0.3179650238473768,05131,SEBASTIAN
NA,05133,SEVIER
0.4273504273504274,05135,SHARP
NA,05137,STONE
0.27586206896551724,05139,UNION
0.3731343283582089,05141,VAN BUREN
0.4284839828606407,05143,WASHINGTON
0.5275056518462697,05145,WHITE
NA,05147,WOODRUFF
0.3412969283276451,05149,YELL
NA,06001,ALAMEDA
NA,06003,ALPINE
NA,06005,AMADOR
NA,06007,BUTTE
NA,06009,CALAVERAS
NA,06011,COLUSA
NA,06013,CONTRA COSTA
NA,06015,DEL NORTE
NA,06017,EL DORADO
NA,06019,FRESNO
NA,06021,GLENN
NA,06023,HUMBOLDT
NA,06025,IMPERIAL
NA,06027,INYO
NA,06029,KERN
NA,06031,KINGS
NA,06033,LAKE
NA,06035,LASSEN
3.332977815699659e-4,06037,LOS ANGELES
NA,06039,MADERA
NA,06041,MARIN
NA,06043,MARIPOSA
NA,06045,MENDOCINO
NA,06047,MERCED
NA,06049,MODOC
NA,06051,MONO
NA,06053,MONTEREY
NA,06055,"NAPA"
NA,06057,NEVADA
NA,06059,ORANGE
NA,06061,PLACER
NA,06063,PLUMAS
NA,06065,RIVERSIDE
NA,06067,SACRAMENTO
NA,06069,SAN BENITO
NA,06071,SAN BERNARDINO
NA,06073,SAN DIEGO
NA,06075,SAN FRANCISCO
NA,06077,SAN JOAQUIN
NA,06079,SAN LUIS OBISPO
NA,06081,SAN MATEO
0.010368066355624676,06083,SANTA BARBARA
0.0027756960057734475,06085,SANTA CLARA
NA,06087,SANTA CRUZ
NA,06089,SHASTA
NA,06091,SIERRA
NA,06093,SISKIYOU
NA,06095,SOLANO
NA,06097,SONOMA
NA,06099,STANISLAUS
NA,06101,SUTTER
NA,06103,TEHAMA
NA,06105,TRINITY
NA,06107,TULARE
NA,06109,TUOLUMNE
NA,06111,VENTURA
NA,06113,YOLO
NA,06115,YUBA
1.9516107472263067,08001,ADAMS
NA,08003,ALAMOSA
1.707828074407974,08005,ARAPAHOE
NA,08007,ARCHULETA
NA,08009,BACA
NA,08011,BENT
3.5294117647058822,08013,BOULDER
1.455604075691412,08014,BROOMFIELD
0.5154639175257731,08015,CHAFFEE
NA,08017,CHEYENNE
1.25,08019,CLEAR CREEK
NA,08021,CONEJOS
NA,08023,COSTILLA
2.127659574468085,08025,CROWLEY
1.9230769230769231,08027,CUSTER
0.6355932203389831,08029,DELTA
1.6199670355545088,08031,DENVER
NA,08033,DOLORES
1.446629213483146,08035,DOUGLAS
0.5559968228752978,08037,EAGLE
2.2675736961451247,08039,ELBERT
1.6880193905817173,08041,EL PASO
1.2216404886561953,08043,FREMONT
0.5382131324004306,08045,GARFIELD
7.000000000000001,08047,GILPIN
1.5473887814313347,08049,GRAND
0.3926701570680628,08051,GUNNISON
NA,08053,HINSDALE
2.083333333333333,08055,HUERFANO
NA,08057,JACKSON
1.5727495455623173,08059,JEFFERSON
NA,08061,KIOWA
NA,08063,KIT CARSON
0.8928571428571428,08065,LAKE
0.27159152634437805,08067,LA PLATA
0.8705384902375327,08069,LARIMER
NA,08071,LAS ANIMAS
NA,08073,LINCOLN
0.1272264631043257,08075,LOGAN
0.35842293906810035,08077,MESA
NA,08079,MINERAL
NA,08081,MOFFAT
NA,08083,MONTEZUMA
0.6718924972004479,08085,MONTROSE
NA,08087,MORGAN
0.20366598778004072,08089,OTERO
NA,08091,OURAY
1.6891891891891893,08093,PARK
NA,08095,PHILLIPS
0.30816640986132515,08097,PITKIN
0.5405405405405406,08099,PROWERS
1.7267648552564754,08101,PUEBLO
NA,08103,RIO BLANCO
0.7462686567164178,08105,RIO GRANDE
0.3103180760279286,08107,ROUTT
NA,08109,SAGUACHE
NA,08111,SAN JUAN
0.6920415224913495,08113,SAN MIGUEL
NA,08115,SEDGWICK
1.282051282051282,08117,SUMMIT
1.4035087719298245,08119,TELLER
NA,08121,WASHINGTON
0.9608540925266904,08123,WELD
0.11389521640091116,08125,YUMA
2.0057520636462107,09001,FAIRFIELD
1.8467172377713836,09003,HARTFORD
0.7805325987144168,09005,LITCHFIELD
0.9436505796710704,09007,MIDDLESEX
1.2648094780659622,09009,NEW HAVEN
1.3624567474048443,09011,NEW LONDON
2.5602409638554215,09013,TOLLAND
1.2566137566137565,09015,WINDHAM
1.5140324963072378,10001,KENT
1.5490943755958055,10003,NEW CASTLE
1.0471204188481675,10005,SUSSEX
2.3952671829156844,11001,DISTRICT OF COLUMBIA
2.815884476534296,12001,ALACHUA
4.166666666666666,12003,BAKER
2.0726652036088757,12005,BAY
1.8315018315018317,12007,BRADFORD
2.8921433176752323,12009,BREVARD
4.019210245464247,12011,BROWARD
1.1363636363636365,12013,CALHOUN
3.35195530726257,12015,CHARLOTTE
2.410848819688599,12017,CITRUS
2.5577812018489987,12019,CLAY
2.786773478779615,12021,COLLIER
1.7823639774859286,12023,COLUMBIA
NA,12025,DADE
NA,12027,DESOTO
1.3513513513513513,12029,DIXIE
2.6951105321011277,12031,DUVAL
2.224642190416926,12033,ESCAMBIA
2.840909090909091,12035,FLAGLER
NA,12037,FRANKLIN
2.0366598778004072,12039,GADSDEN
2.512562814070352,12041,GILCHRIST
0.9900990099009901,12043,GLADES
1.3986013986013985,12045,GULF
1.948051948051948,12047,HAMILTON
3.1446540880503147,12049,HARDEE
2.2309711286089238,12051,HENDRY
3.278688524590164,12053,HERNANDO
3.5971223021582732,12055,HIGHLANDS
3.699147702310869,12057,HILLSBOROUGH
1.2135922330097086,12059,HOLMES
3.392754456584244,12061,INDIAN RIVER
1.824817518248175,12063,JACKSON
0.7874015748031495,12065,JEFFERSON
0.9900990099009901,12067,LAFAYETTE
3.288948069241012,12069,LAKE
2.9824086603518265,12071,LEE
2.7553505062155583,12073,LEON
1.1065006915629323,12075,LEVY
6.8181818181818175,12077,LIBERTY
1.4184397163120568,12079,MADISON
2.8948332722609016,12081,MANATEE
2.8850557166844757,12083,MARION
2.73224043715847,12085,MARTIN
4.149570384330971,12086,MIAMI-DADE
1.6816674561819043,12087,MONROE
2.0215633423180592,12089,"NASSAU"
2.2559749832477105,12091,OKALOOSA
4.208754208754209,12093,OKEECHOBEE
3.874167911342221,12095,ORANGE
4.482054771219595,12097,OSCEOLA
4.099430867090727,12099,PALM BEACH
3.233398137726389,12101,PASCO
2.489642327720552,12103,PINELLAS
4.401068724951759,12105,POLK
2.824858757062147,12107,PUTNAM
2.7808471454880292,12109,SAINT JOHNS
4.988899046624004,12111,SAINT LUCIE
2.655889145496536,12113,SANTA ROSA
2.3388279968930696,12115,SARASOTA
3.2355212355212353,12117,SEMINOLE
2.494331065759637,12119,SUMTER
1.4586709886547813,12121,SUWANNEE
1.1952191235059761,12123,TAYLOR
2.4193548387096775,12125,UNION
3.05594734367654,12127,VOLUSIA
2.2883295194508007,12129,WAKULLA
1.3534416086620265,12131,WALTON
1.5957446808510638,12133,WASHINGTON
0.5813953488372093,13001,APPLING
NA,13003,ATKINSON
0.26109660574412535,13005,BACON
2.7522935779816518,13007,BAKER
3.5420098846787478,13009,BALDWIN
1.098901098901099,13011,BANKS
2.954694681549573,13013,BARROW
1.4158576051779936,13015,BARTOW
1.8691588785046727,13017,BEN HILL
1.1820330969267139,13019,BERRIEN
2.0657672849915683,13021,BIBB
1.6666666666666667,13023,BLECKLEY
1.4218009478672986,13025,BRANTLEY
1.2594458438287155,13027,BROOKS
2.7496382054992763,13029,BRYAN
2.055164954029205,13031,BULLOCH
3.9872408293460926,13033,BURKE
1.3318534961154271,13035,BUTTS
NA,13037,CALHOUN
3.5313001605136436,13039,CAMDEN
0.29940119760479045,13043,CANDLER
2.629573170731707,13045,CARROLL
2.3622047244094486,13047,CATOOSA
NA,13049,CHARLTON
2.645204862674471,13051,CHATHAM
NA,13053,CHATTAHOOCHEE
0.3003003003003003,13055,CHATTOOGA
2.930875576036866,13057,CHEROKEE
1.3501350135013501,13059,CLARKE
NA,13061,CLAY
3.091323045788009,13063,CLAYTON
1.0204081632653061,13065,CLINCH
3.4253187310675415,13067,COBB
0.471976401179941,13069,COFFEE
0.9918845807033363,13071,COLQUITT
2.1699154100772344,13073,COLUMBIA
1.4285714285714286,13075,COOK
1.8932874354561102,13077,COWETA
2.1739130434782608,13079,CRAWFORD
2.7722772277227725,13081,CRISP
5.960264900662252,13083,DADE
2.2887323943661975,13085,DAWSON
3.060109289617486,13087,DECATUR
3.403565640194489,13089,DEKALB
1.206896551724138,13091,DODGE
3.640256959314775,13093,DOOLY
3.37126000842815,13095,DOUGHERTY
3.111443530291698,13097,DOUGLAS
1.4583333333333333,13099,EARLY
NA,13101,ECHOLS
2.2565320665083135,13103,EFFINGHAM
0.6109979633401221,13105,ELBERT
1.7687074829931975,13107,EMANUEL
1.2605042016806722,13109,EVANS
1.9736842105263157,13111,FANNIN
3.730445246690734,13113,FAYETTE
1.278772378516624,13115,FLOYD
2.198649951783992,13117,FORSYTH
0.8298755186721992,13119,FRANKLIN
3.137671222777606,13121,FULTON
2.054794520547945,13123,GILMER
NA,13125,GLASCOCK
3.0447193149381544,13127,GLYNN
1.2585812356979404,13129,GORDON
0.7800312012480499,13131,GRADY
1.1811023622047243,13133,GREENE
3.2880048711183276,13135,GWINNETT
0.8561643835616438,13137,HABERSHAM
2.5243229029713383,13139,HALL
4.854368932038835,13141,HANCOCK
0.84985835694051,13143,HARALSON
3.109656301145663,13145,HARRIS
0.7827788649706457,13147,HART
1.5873015873015872,13149,HEARD
3.635309705200397,13151,HENRY
2.037947997189037,13153,HOUSTON
1.3812154696132597,13155,IRWIN
2.4237685691946833,13157,JACKSON
2.727272727272727,13159,JASPER
0.591715976331361,13161,JEFF DAVIS
0.9828009828009828,13163,JEFFERSON
0.5050505050505051,13165,JENKINS
NA,13167,JOHNSON
4.426559356136821,13169,JONES
0.8771929824561403,13171,LAMAR
1.1764705882352942,13173,LANIER
1.2779552715654952,13175,LAURENS
2.2304832713754648,13177,LEE
2.7823240589198037,13179,LIBERTY
1.744186046511628,13181,LINCOLN
1.6216216216216217,13183,LONG
1.2924556657649533,13185,LOWNDES
3.133903133903134,13187,LUMPKIN
1.3729977116704806,13189,MCDUFFIE
1.1320754716981132,13191,MCINTOSH
1.1142061281337048,13193,MACON
2.1686746987951806,13195,MADISON
0.591715976331361,13197,MARION
1.2413793103448276,13199,MERIWETHER
0.48543689320388345,13201,MILLER
1.694915254237288,13205,MITCHELL
0.7682458386683738,13207,MONROE
1.1235955056179776,13209,MONTGOMERY
1.5873015873015872,13211,MORGAN
0.6024096385542169,13213,MURRAY
2.4275310581179497,13215,MUSCOGEE
2.3213564796124344,13217,NEWTON
2.55653883972468,13219,OCONEE
0.8,13221,OGLETHORPE
2.366863905325444,13223,PAULDING
2.0606060606060606,13225,PEACH
1.2886597938144329,13227,PICKENS
3.1578947368421053,13229,PIERCE
2.3746701846965697,13231,PIKE
2.191780821917808,13233,POLK
4.119850187265917,13235,PULASKI
3.494176372712146,13237,PUTNAM
2.1739130434782608,13239,QUITMAN
0.7547169811320755,13241,RABUN
1.529051987767584,13243,RANDOLPH
2.039983680130559,13245,RICHMOND
3.811452771128706,13247,ROCKDALE
1.6528925619834711,13249,SCHLEY
0.34602076124567477,13251,SCREVEN
3.0120481927710845,13253,SEMINOLE
1.9838162359697205,13255,SPALDING
1.7543859649122806,13257,STEPHENS
NA,13259,STEWART
3.1274433150899137,13261,SUMTER
1.9138755980861244,13263,TALBOT
NA,13265,TALIAFERRO
0.8,13267,TATTNALL
7.171314741035857,13269,TAYLOR
0.49261083743842365,13271,TELFAIR
1.7316017316017316,13273,TERRELL
0.616860863605209,13275,THOMAS
0.7427413909520594,13277,TIFT
1.3333333333333335,13279,TOOMBS
2.3391812865497075,13281,TOWNS
NA,13283,TREUTLEN
2.926396689328998,13285,TROUP
0.48,13287,TURNER
4.368932038834951,13289,TWIGGS
2.7624309392265194,13291,UNION
1.2232415902140672,13293,UPSON
2.1739130434782608,13295,WALKER
3.254067584480601,13297,WALTON
1.9329896907216495,13299,WARE
NA,13301,WARREN
0.8944543828264758,13303,WASHINGTON
4.831932773109244,13305,WAYNE
NA,13307,WEBSTER
NA,13309,WHEELER
0.20325203252032523,13311,WHITE
0.6199628022318662,13313,WHITFIELD
2.797202797202797,13315,WILCOX
1.0676156583629894,13317,WILKES
2.941176470588235,13319,WILKINSON
1.0683760683760684,13321,WORTH
1.5191199580932426,15001,HAWAII
1.0869030639846555,15003,HONOLULU
NA,15005,KALAWAO
1.4705882352941175,15007,KAUAI
2.8807503349709696,15009,MAUI
0.45301119204121515,16001,ADA
NA,16003,ADAMS
0.15408320493066258,16005,BANNOCK
NA,16007,BEAR LAKE
NA,16009,BENEWAH
0.22650056625141565,16011,BINGHAM
0.2331002331002331,16013,BLAINE
NA,16015,BOISE
0.7399577167019027,16017,BONNER
0.1616161616161616,16019,BONNEVILLE
2.484472049689441,16021,BOUNDARY
1.5625,16023,BUTTE
NA,16025,CAMAS
0.3474415666456096,16027,CANYON
NA,16029,CARIBOU
NA,16031,CASSIA
NA,16033,CLARK
NA,16035,CLEARWATER
NA,16037,CUSTER
0.4016064257028112,16039,ELMORE
1.4492753623188406,16041,FRANKLIN
NA,16043,FREMONT
NA,16045,GEM
1.0452961672473868,16047,GOODING
NA,16049,IDAHO
0.5979073243647235,16051,JEFFERSON
NA,16053,JEROME
0.4740740740740741,16055,KOOTENAI
0.29239766081871343,16057,LATAH
2.209944751381215,16059,LEMHI
NA,16061,LEWIS
1.0869565217391304,16063,LINCOLN
NA,16065,MADISON
NA,16067,MINIDOKA
0.13793103448275862,16069,NEZ PERCE
NA,16071,ONEIDA
0.5555555555555556,16073,OWYHEE
0.5102040816326531,16075,PAYETTE
1.4814814814814816,16077,POWER
NA,16079,SHOSHONE
0.26041666666666663,16081,TETON
0.2801120448179272,16083,TWIN FALLS
0.273972602739726,16085,VALLEY
NA,16087,WASHINGTON
0.3125,17001,ADAMS
NA,17003,ALEXANDER
NA,17005,BOND
2.754491017964072,17007,BOONE
NA,17009,BROWN
NA,17011,BUREAU
NA,17013,CALHOUN
0.15384615384615385,17015,CARROLL
NA,17017,CASS
0.8540218470705064,17019,CHAMPAIGN
0.20533880903490762,17021,CHRISTIAN
NA,17023,CLARK
NA,17025,CLAY
0.15885623510722796,17027,CLINTON
0.08071025020177562,17029,COLES
2.0278817662168365,17031,COOK
1.8711018711018712,17033,CRAWFORD
NA,17035,CUMBERLAND
0.9750390015600624,17037,DEKALB
NA,17039,DE WITT
NA,17041,DOUGLAS
1.7947584894116049,17043,DUPAGE
0.36968576709796674,17045,EDGAR
NA,17047,EDWARDS
0.17381228273464658,17049,EFFINGHAM
0.12594458438287154,17051,FAYETTE
0.186219739292365,17053,FORD
0.45454545454545453,17055,FRANKLIN
0.10626992561105207,17057,FULTON
NA,17059,GALLATIN
0.2079002079002079,17061,GREENE
0.7400555041628123,17063,GRUNDY
NA,17065,HAMILTON
0.43620501635768816,17067,HANCOCK
NA,17069,HARDIN
NA,17071,HENDERSON
0.4261363636363636,17073,HENRY
NA,17075,IROQUOIS
0.3115264797507788,17077,JACKSON
0.27137042062415195,17079,JASPER
0.24174053182917005,17081,JEFFERSON
NA,17083,JERSEY
0.18975332068311196,17085,JO DAVIESS
NA,17087,JOHNSON
1.4744864148442676,17089,KANE
0.507416081186573,17091,KANKAKEE
2.2501654533421576,17093,KENDALL
0.24057738572574178,17095,KNOX
1.9318378409549624,17097,LAKE
NA,17099,LASALLE
0.2824858757062147,17101,LAWRENCE
NA,17103,LEE
0.23148148148148145,17105,LIVINGSTON
NA,17107,LOGAN
0.45351473922902497,17109,MCDONOUGH
1.8026418026418027,17111,MCHENRY
0.6079766536964981,17113,MCLEAN
0.9223674096848578,17115,MACON
0.15785319652722968,17117,MACOUPIN
0.6417516043790109,17119,MADISON
NA,17121,MARION
0.547945205479452,17123,MARSHALL
NA,17125,MASON
0.3194888178913738,17127,MASSAC
NA,17129,MENARD
NA,17131,MERCER
NA,17133,MONROE
NA,17135,MONTGOMERY
NA,17137,MORGAN
0.28735632183908044,17139,MOULTRIE
0.5098324836125273,17141,OGLE
0.24360535931790497,17143,PEORIA
2.7989821882951653,17145,PERRY
NA,17147,PIATT
0.11904761904761905,17149,PIKE
1.2345679012345678,17151,POPE
0.684931506849315,17153,PULASKI
0.5263157894736842,17155,PUTNAM
0.46801872074883,17157,RANDOLPH
1.5600624024960998,17159,RICHLAND
0.8646616541353384,17161,ROCK ISLAND
0.5485372340425532,17163,SAINT CLAIR
NA,17165,SALINE
0.37864445285876563,17167,SANGAMON
NA,17169,SCHUYLER
NA,17171,SCOTT
NA,17173,SHELBY
NA,17175,STARK
0.3811944091486658,17177,STEPHENSON
0.21767522855899,17179,TAZEWELL
NA,17181,UNION
0.17113519680547634,17183,VERMILION
0.2801120448179272,17185,WABASH
NA,17187,WARREN
NA,17189,WASHINGTON
0.16181229773462785,17191,WAYNE
NA,17193,WHITE
0.21849963583394028,17195,WHITESIDE
1.874121505544276,17197,WILL
0.5867014341590613,17199,WILLIAMSON
1.2622359608449252,17201,WINNEBAGO
NA,17203,WOODFORD
0.3552397868561279,18001,ADAMS
0.9465079592714757,18003,ALLEN
0.08503401360544217,18005,BARTHOLOMEW
0.4149377593360996,18007,BENTON
0.8333333333333334,18009,BLACKFORD
0.7845934379457917,18011,BOONE
1.6064257028112447,18013,BROWN
0.4576659038901602,18015,CARROLL
0.9950248756218906,18017,CASS
0.851581508515815,18019,CLARK
0.39370078740157477,18021,CLAY
0.2044989775051125,18023,CLINTON
1.36986301369863,18025,CRAWFORD
0.17123287671232876,18027,DAVIESS
0.3289473684210526,18029,DEARBORN
0.1763668430335097,18031,DECATUR
NA,18033,DEKALB
0.8754208754208754,18035,DELAWARE
0.27829313543599254,18037,DUBOIS
2.713305001634521,18039,ELKHART
0.7782101167315175,18041,FAYETTE
0.6024096385542169,18043,FLOYD
NA,18045,FOUNTAIN
1.0273972602739725,18047,FRANKLIN
1.3729977116704806,18049,FULTON
0.21321961620469082,18051,GIBSON
0.3868471953578337,18053,GRANT
0.53475935828877,18055,GREENE
1.714884147139678,18057,HAMILTON
1.276595744680851,18059,HANCOCK
0.6342494714587738,18061,HARRISON
1.0673782521681119,18063,HENDRICKS
1.2841091492776886,18065,HENRY
0.641025641025641,18067,HOWARD
0.13351134846461948,18069,HUNTINGTON
NA,18071,JACKSON
1.1816838995568686,18073,JASPER
0.22271714922048996,18075,JAY
0.6224066390041494,18077,JEFFERSON
1.0452961672473868,18079,JENNINGS
1.3002364066193852,18081,JOHNSON
0.26595744680851063,18083,KNOX
1.0084033613445378,18085,KOSCIUSKO
1.3020833333333335,18087,LAGRANGE
1.3286667962926955,18089,LAKE
NA,18091,LAPORTE
0.3454231433506045,18093,LAWRENCE
1.193467336683417,18095,MADISON
1.3829619092776988,18097,MARION
0.23752969121140144,18099,MARSHALL
NA,18101,MARTIN
2.2522522522522523,18103,MIAMI
1.2171372930866602,18105,MONROE
0.43415340086830684,18107,MONTGOMERY
1.3468013468013467,18109,MORGAN
NA,18111,NEWTON
0.697350069735007,18113,NOBLE
1.694915254237288,18115,OHIO
NA,18117,ORANGE
1.1029411764705883,18119,OWEN
0.7751937984496124,18121,PARKE
NA,18123,PERRY
NA,18125,PIKE
0.8275862068965517,18127,PORTER
NA,18129,POSEY
1.1142061281337048,18131,PULASKI
0.35714285714285715,18133,PUTNAM
0.48543689320388345,18135,RANDOLPH
0.211864406779661,18137,RIPLEY
1.0526315789473684,18139,RUSH
NA,18141,SAINT JOSEPH
NA,18143,SCOTT
0.7633587786259541,18145,SHELBY
0.2717391304347826,18147,SPENCER
1.4792899408284024,18149,STARKE
0.8818342151675485,18151,STEUBEN
0.6060606060606061,18153,SULLIVAN
NA,18155,SWITZERLAND
0.5548302872062663,18157,TIPPECANOE
0.2808988764044944,18159,TIPTON
0.6493506493506493,18161,UNION
0.6435366536094013,18163,VANDERBURGH
NA,18165,VERMILLION
0.46975924838520255,18167,VIGO
1.9434628975265018,18169,WABASH
NA,18171,WARREN
0.6060606060606061,18173,WARRICK
0.2770083102493075,18175,WASHINGTON
0.20222446916076847,18177,WAYNE
0.7874015748031495,18179,WELLS
NA,18181,WHITE
0.3205128205128205,18183,WHITLEY
NA,19001,ADAIR
NA,19003,ADAMS
0.41109969167523125,19005,ALLAMAKEE
NA,19007,APPANOOSE
NA,19009,AUDUBON
0.3853564547206166,19011,BENTON
0.8156606851549755,19013,BLACK HAWK
0.2680965147453083,19015,BOONE
0.18365472910927455,19017,BREMER
0.20833333333333334,19019,BUCHANAN
0.5226480836236934,19021,BUENA VISTA
NA,19023,BUTLER
0.12642225031605564,19025,CALHOUN
0.05387931034482758,19027,CARROLL
NA,19029,CASS
0.1183431952662722,19031,CEDAR
NA,19033,CERRO GORDO
NA,19035,CHEROKEE
NA,19037,CHICKASAW
NA,19039,CLARKE
0.10775862068965517,19041,CLAY
0.08613264427217916,19043,CLAYTON
0.3119151590767312,19045,CLINTON
NA,19047,CRAWFORD
0.45801526717557256,19049,DALLAS
NA,19051,DAVIS
NA,19053,DECATUR
NA,19055,DELAWARE
0.18018018018018017,19057,DES MOINES
NA,19059,DICKINSON
0.262085032032615,19061,DUBUQUE
NA,19063,EMMET
0.09328358208955223,19065,FAYETTE
0.4405286343612335,19067,FLOYD
NA,19069,FRANKLIN
0.3205128205128205,19071,FREMONT
NA,19073,GREENE
0.1557632398753894,19075,GRUNDY
NA,19077,GUTHRIE
0.16556291390728478,19079,HAMILTON
0.1314060446780552,19081,HANCOCK
NA,19083,HARDIN
NA,19085,HARRISON
0.273224043715847,19087,HENRY
NA,19089,HOWARD
NA,19091,HUMBOLDT
NA,19093,IDA
0.1226993865030675,19095,IOWA
0.1813236627379873,19097,JACKSON
0.09157509157509157,19099,JASPER
0.12453300124533001,19101,JEFFERSON
1.8086347724620768,19103,JOHNSON
0.10050251256281408,19105,JONES
NA,19107,KEOKUK
0.24968789013732834,19109,KOSSUTH
0.08928571428571429,19111,LEE
1.141894421564957,19113,LINN
NA,19115,LOUISA
0.5797101449275363,19117,LUCAS
NA,19119,LYON
0.13908205841446453,19121,MADISON
0.12484394506866417,19123,MAHASKA
0.3042596348884381,19125,MARION
0.2152852529601722,19127,MARSHALL
NA,19129,MILLS
NA,19131,MITCHELL
NA,19133,MONONA
NA,19135,MONROE
NA,19137,MONTGOMERY
0.4859086491739553,19139,MUSCATINE
NA,19141,O'BRIEN
NA,19143,OSCEOLA
NA,19145,PAGE
NA,19147,PALO ALTO
0.05296610169491525,19149,PLYMOUTH
NA,19151,POCAHONTAS
1.2309495896834701,19153,POLK
0.2960039467192896,19155,POTTAWATTAMIE
0.6349206349206349,19157,POWESHIEK
0.2079002079002079,19159,RINGGOLD
NA,19161,SAC
0.9004237288135594,19163,SCOTT
NA,19165,SHELBY
0.03672420124862284,19167,SIOUX
0.5473453749315819,19169,STORY
NA,19171,TAMA
NA,19173,TAYLOR
NA,19175,UNION
NA,19177,VAN BUREN
0.33860045146726864,19179,WAPELLO
0.18761726078799248,19181,WARREN
NA,19183,WASHINGTON
NA,19185,WAYNE
0.49916805324459235,19187,WEBSTER
0.15503875968992248,19189,WINNEBAGO
0.07272727272727272,19191,WINNESHIEK
0.22471910112359553,19193,WOODBURY
NA,19195,WORTH
NA,19197,WRIGHT
1.4251781472684086,20001,ALLEN
0.22935779816513763,20003,ANDERSON
NA,20005,ATCHISON
NA,20007,BARBER
NA,20009,BARTON
NA,20011,BOURBON
NA,20013,BROWN
1.5082956259426847,20015,BUTLER
NA,20017,CHASE
NA,20019,CHAUTAUQUA
0.2347417840375587,20021,CHEROKEE
NA,20023,CHEYENNE
NA,20025,CLARK
NA,20027,CLAY
NA,20029,CLOUD
NA,20031,COFFEY
NA,20033,COMANCHE
0.2597402597402597,20035,COWLEY
0.09000900090009001,20037,CRAWFORD
NA,20039,DECATUR
0.5194805194805194,20041,DICKINSON
NA,20043,DONIPHAN
0.5957108816521048,20045,DOUGLAS
NA,20047,EDWARDS
NA,20049,ELK
0.380517503805175,20051,ELLIS
NA,20053,ELLSWORTH
0.5904059040590406,20055,FINNEY
0.56657223796034,20057,FORD
0.4424778761061947,20059,FRANKLIN
0.641025641025641,20061,GEARY
NA,20063,GOVE
NA,20065,GRAHAM
0.33112582781456956,20067,GRANT
0.2222222222222222,20069,GRAY
NA,20071,GREELEY
NA,20073,GREENWOOD
NA,20075,HAMILTON
0.2915451895043732,20077,HARPER
0.3597122302158274,20079,HARVEY
NA,20081,HASKELL
0.4149377593360996,20083,HODGEMAN
NA,20085,JACKSON
0.19569471624266144,20087,JEFFERSON
NA,20089,JEWELL
0.587480586130056,20091,JOHNSON
0.4149377593360996,20093,KEARNY
0.22026431718061676,20095,KINGMAN
NA,20097,KIOWA
0.15174506828528073,20099,LABETTE
NA,20101,LANE
0.587248322147651,20103,LEAVENWORTH
NA,20105,LINCOLN
NA,20107,LINN
NA,20109,LOGAN
NA,20111,LYON
0.24855012427506215,20113,MCPHERSON
NA,20115,MARION
0.09551098376313276,20117,MARSHALL
NA,20119,MEADE
NA,20121,MIAMI
0.18587360594795538,20123,MITCHELL
0.3062787136294028,20125,MONTGOMERY
0.5797101449275363,20127,MORRIS
NA,20129,MORTON
NA,20131,NEMAHA
0.1763668430335097,20133,NEOSHO
NA,20135,NESS
0.2583979328165375,20137,NORTON
0.21413276231263384,20139,OSAGE
NA,20141,OSBORNE
NA,20143,OTTAWA
NA,20145,PAWNEE
NA,20147,PHILLIPS
NA,20149,POTTAWATOMIE
0.234192037470726,20151,PRATT
NA,20153,RAWLINS
0.3004807692307693,20155,RENO
NA,20157,REPUBLIC
NA,20159,RICE
0.1444043321299639,20161,RILEY
NA,20163,ROOKS
NA,20165,RUSH
NA,20167,RUSSELL
NA,20169,SALINE
NA,20171,SCOTT
1.6666666666666667,20173,SEDGWICK
NA,20175,SEWARD
0.31675641431738993,20177,SHAWNEE
NA,20179,SHERIDAN
0.2352941176470588,20181,SHERMAN
NA,20183,SMITH
NA,20185,STAFFORD
NA,20187,STANTON
0.4694835680751174,20189,STEVENS
NA,20191,SUMNER
NA,20193,THOMAS
0.398406374501992,20195,TREGO
0.31645569620253167,20197,WABAUNSEE
NA,20199,WALLACE
NA,20201,WASHINGTON
NA,20203,WICHITA
0.26595744680851063,20205,WILSON
NA,20207,WOODSON
0.8898305084745763,20209,WYANDOTTE
0.2079002079002079,21001,ADAIR
0.24691358024691357,21003,ALLEN
0.9836065573770493,21005,ANDERSON
0.546448087431694,21007,BALLARD
0.07309941520467836,21009,BARREN
0.33444816053511706,21011,BATH
0.37735849056603776,21013,BELL
1.4492753623188406,21015,BOONE
0.37243947858473,21017,BOURBON
0.2766251728907331,21019,BOYD
0.7763975155279503,21021,BOYLE
NA,21023,BRACKEN
NA,21025,BREATHITT
0.18450184501845018,21027,BRECKINRIDGE
1.3253012048192772,21029,BULLITT
NA,21031,BUTLER
0.36101083032490977,21033,CALDWELL
0.34904013961605584,21035,CALLOWAY
0.9561752988047808,21037,CAMPBELL
NA,21039,CARLISLE
0.5952380952380952,21041,CARROLL
0.2457002457002457,21043,CARTER
0.5736137667304015,21045,CASEY
1.5278838808250574,21047,CHRISTIAN
0.30959752321981426,21049,CLARK
NA,21051,CLAY
NA,21053,CLINTON
0.4032258064516129,21055,CRITTENDEN
NA,21057,CUMBERLAND
0.17016449234259784,21059,DAVIESS
NA,21061,EDMONSON
NA,21063,ELLIOTT
NA,21065,ESTILL
0.8825622775800712,21067,FAYETTE
0.30075187969924816,21069,FLEMING
0.2061855670103093,21071,FLOYD
0.9615384615384616,21073,FRANKLIN
NA,21075,FULTON
3.0303030303030303,21077,GALLATIN
0.8048289738430584,21079,GARRARD
NA,21081,GRANT
1.509433962264151,21083,GRAVES
0.3184713375796179,21085,GRAYSON
NA,21087,GREEN
0.4728132387706856,21089,GREENUP
NA,21091,HANCOCK
0.5390835579514826,21093,HARDIN
1.5151515151515151,21095,HARLAN
NA,21097,HARRISON
0.30816640986132515,21099,HART
0.49813200498132004,21101,HENDERSON
0.2890173410404624,21103,HENRY
NA,21105,HICKMAN
0.340522133938706,21107,HOPKINS
NA,21109,JACKSON
1.1843688643992651,21111,JEFFERSON
0.8387698042870456,21113,JESSAMINE
1.6666666666666667,21115,JOHNSON
0.7633587786259541,21117,KENTON
2.197802197802198,21119,KNOTT
NA,21121,KNOX
0.2358490566037736,21123,LARUE
0.7414272474513438,21125,LAUREL
1.5625,21127,LAWRENCE
NA,21129,LEE
NA,21131,LESLIE
NA,21133,LETCHER
NA,21135,LEWIS
0.8620689655172413,21137,LINCOLN
1.1494252873563218,21139,LIVINGSTON
0.2962962962962963,21141,LOGAN
NA,21143,LYON
0.5656819610307983,21145,MCCRACKEN
NA,21147,MCCREARY
NA,21149,MCLEAN
0.7377598926894702,21151,MADISON
NA,21153,MAGOFFIN
0.23866348448687352,21155,MARION
0.9009009009009009,21157,MARSHALL
NA,21159,MARTIN
NA,21161,MASON
NA,21163,MEADE
0.6535947712418301,21165,MENIFEE
0.2074688796680498,21167,MERCER
NA,21169,METCALFE
NA,21171,MONROE
0.1718213058419244,21173,MONTGOMERY
0.36900369003690037,21175,MORGAN
NA,21177,MUHLENBERG
0.2909796314258002,21179,NELSON
0.4807692307692308,21181,NICHOLAS
NA,21183,OHIO
0.851063829787234,21185,OLDHAM
NA,21187,OWEN
NA,21189,OWSLEY
0.49019607843137253,21191,PENDLETON
NA,21193,PERRY
0.7712082262210797,21195,PIKE
NA,21197,POWELL
0.31645569620253167,21199,PULASKI
1.5625,21201,ROBERTSON
0.6191950464396285,21203,ROCKCASTLE
0.423728813559322,21205,ROWAN
NA,21207,RUSSELL
1.0714285714285714,21209,SCOTT
1.1494252873563218,21211,SHELBY
NA,21213,SIMPSON
NA,21215,SPENCER
0.5340453938584779,21217,TAYLOR
NA,21219,TODD
NA,21221,TRIGG
NA,21223,TRIMBLE
NA,21225,UNION
1.0484927916120577,21227,WARREN
0.4008016032064128,21229,WASHINGTON
NA,21231,WAYNE
NA,21233,WEBSTER
0.5272407732864675,21235,WHITLEY
NA,21237,WOLFE
0.9787928221859705,21239,WOODFORD
0.6125574272588056,22001,ACADIA
1.694915254237288,22003,ALLEN
0.8665966386554622,22005,ASCENSION
0.4434589800443459,22007,ASSUMPTION
0.5170630816959669,22009,AVOYELLES
0.43668122270742354,22011,BEAUREGARD
0.6688963210702341,22013,BIENVILLE
1.8181818181818181,22015,BOSSIER
1.252069536423841,22017,CADDO
0.8268259072117593,22019,CALCASIEU
0.6578947368421052,22021,CALDWELL
NA,22023,CAMERON
0.9230769230769231,22025,CATAHOULA
1.3986013986013985,22027,CLAIBORNE
0.5181347150259068,22029,CONCORDIA
0.5517241379310345,22031,DE SOTO
1.2925902828958558,22033,EAST BATON ROUGE
0.819672131147541,22035,EAST CARROLL
1.2371134020618557,22037,EAST FELICIANA
0.6968641114982579,22039,EVANGELINE
1.5,22041,FRANKLIN
1.1173184357541899,22043,GRANT
0.9135896459840122,22045,IBERIA
0.3281378178835111,22047,IBERVILLE
2.2026431718061676,22049,JACKSON
2.3343694764429817,22051,JEFFERSON
0.6611570247933884,22053,JEFFERSON DAVIS
0.878429671402234,22055,LAFAYETTE
0.6944444444444444,22057,LAFOURCHE
1.466275659824047,22059,LA SALLE
1.1816838995568686,22061,LINCOLN
1.8674966651845264,22063,LIVINGSTON
0.22075055187637968,22065,MADISON
1.5948963317384368,22067,MOREHOUSE
0.35629453681710216,22069,"NATCHITOCHES"
2.1253286590709903,22071,ORLEANS
0.7240853658536586,22073,OUACHITA
1.8094089264173705,22075,PLAQUEMINES
0.3236245954692557,22077,POINTE COUPEE
1.25138019874862,22079,RAPIDES
NA,22081,RED RIVER
0.13192612137203166,22083,RICHLAND
1.6901408450704223,22085,SABINE
1.9884009942004972,22087,SAINT BERNARD
1.3311148086522462,22089,SAINT CHARLES
0.6872852233676976,22091,SAINT HELENA
1.7897091722595078,22093,SAINT JAMES
1.4442518775274409,22095,ST JOHN THE BAPTIST
0.5589430894308943,22097,SAINT LANDRY
1.604668125455872,22099,SAINT MARTIN
0.4828797190517998,22101,SAINT MARY
2.6532236667551072,22103,SAINT TAMMANY
0.9105041083721963,22105,TANGIPAHOA
NA,22107,TENSAS
0.7537214999057849,22109,TERREBONNE
0.8976660682226212,22111,UNION
0.7554945054945055,22113,VERMILION
1.2658227848101267,22115,VERNON
5.46218487394958,22117,WASHINGTON
2.793296089385475,22119,WEBSTER
0.562429696287964,22121,WEST BATON ROUGE
NA,22123,WEST CARROLL
0.398406374501992,22125,WEST FELICIANA
0.43859649122807015,22127,WINN
0.5945303210463734,23001,ANDROSCOGGIN
0.05425935973955508,23003,AROOSTOOK
0.4624407850214302,23005,CUMBERLAND
0.8710801393728222,23007,FRANKLIN
0.3015454202789295,23009,HANCOCK
0.36082474226804123,23011,KENNEBEC
0.4062681369704005,23013,KNOX
0.6222222222222222,23015,LINCOLN
0.7361963190184049,23017,OXFORD
0.28308563340410475,23019,PENOBSCOT
0.35335689045936397,23021,PISCATAQUIS
0.7363770250368188,23023,SAGADAHOC
0.2789400278940028,23025,SOMERSET
0.730816077953715,23027,WALDO
0.33472803347280333,23029,WASHINGTON
0.25246729400963963,23031,YORK
1.25,24001,ALLEGANY
2.1872340425531918,24003,ANNE ARUNDEL
2.452344152498712,24005,BALTIMORE
1.6220600162206,24009,CALVERT
0.5405405405405406,24011,CAROLINE
2.0100502512562812,24013,CARROLL
1.6829052258635961,24015,CECIL
1.8726591760299627,24017,CHARLES
0.4098360655737705,24019,DORCHESTER
1.7833553500660502,24021,FREDERICK
0.12642225031605564,24023,GARRETT
2.083333333333333,24025,HARFORD
2.848023569850233,24027,HOWARD
0.8456659619450317,24029,KENT
2.9561710546339977,24031,MONTGOMERY
NA,24033,PRINCE GEORGE'S
NA,24035,QUEEN ANNE'S
NA,24037,SAINT MARY'S
2.788844621513944,24039,SOMERSET
0.8051529790660225,24041,TALBOT
1.215277777777778,24043,WASHINGTON
1.7448200654307526,24045,WICOMICO
0.6993006993006993,24047,WORCESTER
2.9307544662631035,24510,BALTIMORE CITY
0.40041524543971524,25001,BARNSTABLE
1.074523396880416,25003,BERKSHIRE
0.8245114006514658,25005,BRISTOL
0.10010010010010009,25007,DUKES
1.4102428162443008,25009,ESSEX
2.4734982332155475,25011,FRANKLIN
1.7608517608517609,25013,HAMPDEN
5.008576329331047,25015,HAMPSHIRE
1.2066282656766127,25017,MIDDLESEX
0.4291845493562232,25019,"NANTUCKET"
1.3586025802032196,25021,NORFOLK
1.1168618904930536,25023,PLYMOUTH
1.824761710586676,25025,SUFFOLK
0.9312988036392291,25027,WORCESTER
1.4925373134328357,26001,ALCONA
NA,26003,ALGER
0.5497861942577886,26005,ALLEGAN
0.6451612903225806,26007,ALPENA
0.5602240896358543,26009,ANTRIM
NA,26011,ARENAC
NA,26013,BARAGA
0.3703703703703704,26015,BARRY
0.5390835579514826,26017,BAY
1.0033444816053512,26019,BENZIE
0.9717868338557993,26021,BERRIEN
0.436046511627907,26023,BRANCH
1.1296395911780528,26025,CALHOUN
0.17921146953405018,26027,CASS
0.3669724770642202,26029,CHARLEVOIX
0.45045045045045046,26031,CHEBOYGAN
0.1890359168241966,26033,CHIPPEWA
0.3058103975535168,26035,CLARE
0.7042253521126761,26037,CLINTON
NA,26039,CRAWFORD
NA,26041,DELTA
NA,26043,DICKINSON
0.5500550055005501,26045,EATON
0.6134969325153374,26047,EMMET
1.4185355309375844,26049,GENESEE
0.8032128514056224,26051,GLADWIN
NA,26053,GOGEBIC
0.6316620607974733,26055,GRAND TRAVERSE
0.3597122302158274,26057,GRATIOT
0.15015015015015015,26059,HILLSDALE
NA,26061,HOUGHTON
NA,26063,HURON
0.9102977432201783,26065,INGHAM
0.2962962962962963,26067,IONIA
NA,26069,IOSCO
1.0101010101010102,26071,IRON
0.17921146953405018,26073,ISABELLA
0.23992322456813817,26075,JACKSON
0.7529225282345948,26077,KALAMAZOO
1.4851485148514851,26079,KALKASKA
0.8575147385345686,26081,KENT
NA,26083,KEWEENAW
NA,26085,LAKE
0.7194244604316548,26087,LAPEER
0.5444646098003629,26089,LEELANAU
0.45801526717557256,26091,LENAWEE
0.7947019867549668,26093,LIVINGSTON
NA,26095,LUCE
0.3424657534246575,26097,MACKINAC
1.3468769291206015,26099,MACOMB
0.33003300330033003,26101,MANISTEE
0.09082652134423251,26103,MARQUETTE
0.35211267605633806,26105,MASON
0.24509803921568626,26107,MECOSTA
NA,26109,MENOMINEE
0.706090026478376,26111,MIDLAND
0.9569377990430622,26113,MISSAUKEE
1.1027278003482297,26115,MONROE
0.6896551724137931,26117,MONTCALM
NA,26119,MONTMORENCY
0.2631578947368421,26121,MUSKEGON
0.21321961620469082,26123,NEWAYGO
1.532502526103065,26125,OAKLAND
NA,26127,OCEANA
0.30120481927710846,26129,OGEMAW
NA,26131,ONTONAGON
0.4329004329004329,26133,OSCEOLA
2.247191011235955,26135,OSCODA
0.8583690987124464,26137,OTSEGO
0.6889564336372846,26139,OTTAWA
NA,26141,PRESQUE ISLE
NA,26143,ROSCOMMON
0.7469654528478058,26145,SAGINAW
0.9751340809361287,26147,SAINT CLAIR
1.3597033374536465,26149,SAINT JOSEPH
0.26833631484794274,26151,SANILAC
NA,26153,SCHOOLCRAFT
0.11325028312570783,26155,SHIAWASSEE
0.19665683382497542,26157,TUSCOLA
1.1310084825636193,26159,VAN BUREN
0.9504894311249823,26161,WASHTENAW
1.7713735987953825,26163,WAYNE
NA,26165,WEXFORD
NA,27001,AITKIN
0.8542627712284299,27003,ANOKA
0.16474464579901155,27005,BECKER
NA,27007,BELTRAMI
0.38022813688212925,27009,BENTON
NA,27011,BIG STONE
0.24084778420038533,27013,BLUE EARTH
NA,27015,BROWN
0.19880715705765406,27017,CARLTON
0.6568144499178982,27019,CARVER
0.13831258644536654,27021,CASS
NA,27023,CHIPPEWA
0.5015045135406219,27025,CHISAGO
0.18438844499078058,27027,CLAY
NA,27029,CLEARWATER
NA,27031,COOK
NA,27033,COTTONWOOD
NA,27035,CROW WING
0.7741935483870968,27037,DAKOTA
0.14124293785310735,27039,DODGE
NA,27041,DOUGLAS
NA,27043,FARIBAULT
NA,27045,FILLMORE
0.1937984496124031,27047,FREEBORN
0.24330900243309003,27049,GOODHUE
NA,27051,GRANT
0.9859273615909665,27053,HENNEPIN
0.13793103448275862,27055,HOUSTON
0.1607717041800643,27057,HUBBARD
0.14534883720930233,27059,ISANTI
0.21164021164021166,27061,ITASCA
NA,27063,JACKSON
NA,27065,KANABEC
0.3712871287128713,27067,KANDIYOHI
NA,27069,KITTSON
NA,27071,KOOCHICHING
NA,27073,LAC QUI PARLE
NA,27075,LAKE
NA,27077,LAKE OF THE WOODS
0.2232142857142857,27079,LE SUEUR
0.16025641025641024,27081,LINCOLN
NA,27083,LYON
NA,27085,MCLEOD
NA,27087,MAHNOMEN
NA,27089,MARSHALL
0.08438818565400844,27091,MARTIN
0.1152073732718894,27093,MEEKER
0.15151515151515152,27095,MILLE LACS
NA,27097,MORRISON
NA,27099,MOWER
NA,27101,MURRAY
0.18001800180018002,27103,NICOLLET
NA,27105,NOBLES
NA,27107,NORMAN
0.25626423690205014,27109,OLMSTED
0.08830022075055188,27111,OTTER TAIL
NA,27113,PENNINGTON
NA,27115,PINE
NA,27117,PIPESTONE
0.07092198581560284,27119,POLK
NA,27121,POPE
0.790445914597474,27123,RAMSEY
NA,27125,RED LAKE
NA,27127,REDWOOD
0.18365472910927455,27129,RENVILLE
0.3629764065335753,27131,RICE
NA,27133,ROCK
NA,27135,ROSEAU
0.44869877355668564,27137,SAINT LOUIS
0.8458035133376708,27139,SCOTT
0.546448087431694,27141,SHERBURNE
NA,27143,SIBLEY
0.4170141784820684,27145,STEARNS
0.6578947368421052,27147,STEELE
NA,27149,STEVENS
0.15772870662460567,27151,SWIFT
NA,27153,TODD
NA,27155,TRAVERSE
NA,27157,WABASHA
0.39603960396039606,27159,WADENA
0.2176278563656148,27161,WASECA
0.8627946127946129,27163,WASHINGTON
NA,27165,WATONWAN
0.27548209366391185,27167,WILKIN
0.27149321266968324,27169,WINONA
0.4857737682165163,27171,WRIGHT
NA,27173,YELLOW MEDICINE
2.281021897810219,28001,ADAMS
0.1059322033898305,28003,ALCORN
0.5555555555555556,28005,AMITE
1.1235955056179776,28007,ATTALA
0.3508771929824561,28009,BENTON
0.5046863734679163,28011,BOLIVAR
NA,28013,CALHOUN
0.3968253968253968,28015,CARROLL
0.5780346820809248,28017,CHICKASAW
NA,28019,CHOCTAW
1.0282776349614395,28021,CLAIBORNE
1.8461538461538463,28023,CLARKE
0.881057268722467,28025,CLAY
0.4269854824935952,28027,COAHOMA
1.5197568389057752,28029,COPIAH
0.5891016200294551,28031,COVINGTON
2.0351365454861714,28033,DESOTO
0.5780346820809248,28035,FORREST
NA,28037,FRANKLIN
0.6711409395973155,28039,GEORGE
NA,28041,GREENE
0.2472187886279357,28043,GRENADA
0.7361963190184049,28045,HANCOCK
1.2452107279693485,28047,HARRISON
1.3763537906137184,28049,HINDS
1.9756838905775076,28051,HOLMES
2.1806853582554515,28053,HUMPHREYS
NA,28055,ISSAQUENA
0.42016806722689076,28057,ITAWAMBA
0.999000999000999,28059,JACKSON
1.6528925619834711,28061,JASPER
1,28063,JEFFERSON
0.36231884057971014,28065,JEFFERSON DAVIS
0.7941760423560555,28067,JONES
0.4,28069,KEMPER
0.5730659025787965,28071,LAFAYETTE
0.5447941888619854,28073,LAMAR
1.1357490535424553,28075,LAUDERDALE
0.6688963210702341,28077,LAWRENCE
0.21141649048625794,28079,LEAKE
1.4461538461538461,28081,LEE
0.7142857142857143,28083,LEFLORE
1.6829052258635961,28085,LINCOLN
1.1946902654867257,28087,LOWNDES
0.8355410637864276,28089,MADISON
0.6127450980392157,28091,MARION
2.301635372501514,28093,MARSHALL
0.7407407407407408,28095,MONROE
0.8695652173913043,28097,MONTGOMERY
0.7886435331230284,28099,NESHOBA
0.6437768240343348,28101,NEWTON
0.3102378490175801,28103,NOXUBEE
1.9278606965174128,28105,OKTIBBEHA
0.5040957781978576,28107,PANOLA
1.019607843137255,28109,PEARL RIVER
NA,28111,PERRY
0.6970260223048327,28113,PIKE
0.336322869955157,28115,PONTOTOC
0.2364066193853428,28117,PRENTISS
0.6389776357827476,28119,QUITMAN
0.7118311242022582,28121,RANKIN
0.1400560224089636,28123,SCOTT
NA,28125,SHARKEY
0.2857142857142857,28127,SIMPSON
0.7444168734491315,28129,SMITH
0.8403361344537815,28131,STONE
2.2433132010353756,28133,SUNFLOWER
0.35714285714285715,28135,TALLAHATCHIE
1.1752136752136753,28137,TATE
0.35714285714285715,28139,TIPPAH
NA,28141,TISHOMINGO
0.6944444444444444,28143,TUNICA
0.6486486486486486,28145,UNION
0.6872852233676976,28147,WALTHALL
1.0249839846252402,28149,WARREN
0.5899705014749262,28151,WASHINGTON
1.8731988472622478,28153,WAYNE
0.8174386920980926,28155,WEBSTER
0.35714285714285715,28157,WILKINSON
0.5084745762711864,28159,WINSTON
NA,28161,YALOBUSHA
1.3320647002854424,28163,YAZOO
NA,29001,ADAIR
NA,29003,ANDREW
NA,29005,ATCHISON
NA,29007,AUDRAIN
NA,29009,BARRY
NA,29011,BARTON
NA,29013,BATES
0.3236245954692557,29015,BENTON
NA,29017,BOLLINGER
0.6796941376380629,29019,BOONE
0.5490734385724091,29021,BUCHANAN
0.15396458814472672,29023,BUTLER
NA,29025,CALDWELL
NA,29027,CALLAWAY
NA,29029,CAMDEN
0.20408163265306123,29031,CAPE GIRARDEAU
NA,29033,CARROLL
NA,29035,CARTER
1.1164274322169059,29037,CASS
NA,29039,CEDAR
0.17825311942959002,29041,CHARITON
0.4570004154549232,29043,CHRISTIAN
0.3205128205128205,29045,CLARK
0.7688723205964585,29047,CLAY
0.25773195876288657,29049,CLINTON
0.16842105263157894,29051,COLE
NA,29053,COOPER
NA,29055,CRAWFORD
0.2617801047120419,29057,DADE
0.16233766233766234,29059,DALLAS
0.2398081534772182,29061,DAVIESS
NA,29063,DEKALB
0.21739130434782608,29065,DENT
0.16835016835016833,29067,DOUGLAS
NA,29069,DUNKLIN
0.17145306472353192,29071,FRANKLIN
0.1669449081803005,29073,GASCONADE
NA,29075,GENTRY
0.35729009207090834,29077,GREENE
0.2915451895043732,29079,GRUNDY
NA,29081,HARRISON
0.2518891687657431,29083,HENRY
0.28169014084507044,29085,HICKORY
NA,29087,HOLT
NA,29089,HOWARD
0.21067415730337077,29091,HOWELL
NA,29093,IRON
0.8465542108233524,29095,JACKSON
0.34802784222737815,29097,JASPER
0.3848845346396081,29099,JEFFERSON
NA,29101,JOHNSON
NA,29103,KNOX
0.3303055326176713,29105,LACLEDE
0.1037344398340249,29107,LAFAYETTE
0.15661707126076743,29109,LAWRENCE
NA,29111,LEWIS
0.4770992366412214,29113,LINCOLN
0.1589825119236884,29115,LINN
0.2012072434607646,29117,LIVINGSTON
0.21141649048625794,29119,MCDONALD
0.3395585738539898,29121,MACON
0.546448087431694,29123,MADISON
NA,29125,MARIES
NA,29127,MARION
NA,29129,MERCER
NA,29131,MILLER
0.5420054200542005,29133,MISSISSIPPI
0.14903129657228018,29135,MONITEAU
NA,29137,MONROE
0.2145922746781116,29139,MONTGOMERY
0.4658385093167702,29141,MORGAN
NA,29143,NEW MADRID
0.3147128245476003,29145,NEWTON
0.1251564455569462,29147,NODAWAY
NA,29149,OREGON
NA,29151,OSAGE
NA,29153,OZARK
0.27932960893854747,29155,PEMISCOT
0.1455604075691412,29157,PERRY
0.4240882103477523,29159,PETTIS
0.16583747927031509,29161,PHELPS
0.3629764065335753,29163,PIKE
1.3145082765335931,29165,PLATTE
0.1004016064257028,29167,POLK
0.6297229219143577,29169,PULASKI
0.2857142857142857,29171,PUTNAM
NA,29173,RALLS
NA,29175,RANDOLPH
0.36101083032490977,29177,RAY
NA,29179,REYNOLDS
NA,29181,RIPLEY
0.6218365871294288,29183,SAINT CHARLES
0.2136752136752137,29185,SAINT CLAIR
NA,29186,STE. GENEVIEVE
0.35778175313059035,29187,SAINT FRANCOIS
0.8229591658820657,29189,SAINT LOUIS
NA,29195,SALINE
NA,29197,SCHUYLER
NA,29199,SCOTLAND
0.15527950310559005,29201,SCOTT
NA,29203,SHANNON
NA,29205,SHELBY
NA,29207,STODDARD
NA,29209,STONE
NA,29211,SULLIVAN
0.43532338308457713,29213,TANEY
0.11560693641618498,29215,TEXAS
NA,29217,VERNON
0.2008032128514056,29219,WARREN
0.23696682464454977,29221,WASHINGTON
0.57636887608069165,29223,WAYNE
NA,29225,WEBSTER
NA,29227,WORTH
0.3157894736842105,29229,WRIGHT
1.1183180496533214,29510,SAINT LOUIS CITY
NA,30001,BEAVERHEAD
NA,30003,BIG HORN
NA,30005,BLAINE
NA,30007,BROADWATER
NA,30009,CARBON
NA,30011,CARTER
0.1850709438618137,30013,CASCADE
NA,30015,CHOUTEAU
NA,30017,CUSTER
NA,30019,DANIELS
NA,30021,DAWSON
NA,30023,DEER LODGE
NA,30025,FALLON
NA,30027,FERGUS
0.24057738572574178,30029,FLATHEAD
0.3366193796585718,30031,GALLATIN
NA,30033,GARFIELD
NA,30035,GLACIER
NA,30037,GOLDEN VALLEY
NA,30039,GRANITE
NA,30041,HILL
0.8928571428571428,30043,JEFFERSON
NA,30045,JUDITH BASIN
0.13404825737265416,30047,LAKE
0.24390243902439024,30049,LEWIS AND CLARK
NA,30051,LIBERTY
NA,30053,LINCOLN
NA,30055,MCCONE
NA,30057,MADISON
NA,30059,MEAGHER
NA,30061,MINERAL
0.20951810835079318,30063,MISSOULA
NA,30065,MUSSELSHELL
0.7067137809187279,30067,PARK
NA,30069,PETROLEUM
NA,30071,PHILLIPS
NA,30073,PONDERA
NA,30075,POWDER RIVER
NA,30077,POWELL
NA,30079,PRAIRIE
0.1885014137606032,30081,RAVALLI
0.29455081001472755,30083,RICHLAND
0.5102040816326531,30085,ROOSEVELT
NA,30087,ROSEBUD
NA,30089,SANDERS
NA,30091,SHERIDAN
NA,30093,SILVER BOW
NA,30095,STILLWATER
0.6711409395973155,30097,SWEET GRASS
NA,30099,TETON
NA,30101,TOOLE
NA,30103,TREASURE
0.22935779816513763,30105,VALLEY
NA,30107,WHEATLAND
NA,30109,WIBAUX
0.20634511220015478,30111,YELLOWSTONE
NA,30113,YELLOWSTONE NATIONAL PARK
NA,31001,ADAMS
NA,31003,ANTELOPE
NA,31005,ARTHUR
NA,31007,BANNER
NA,31009,BLAINE
NA,31011,BOONE
0.25773195876288657,31013,BOX BUTTE
NA,31015,BOYD
NA,31017,BROWN
0.26121027427078797,31019,BUFFALO
0.1893939393939394,31021,BURT
NA,31023,BUTLER
0.27586206896551724,31025,CASS
0.7299270072992701,31027,CEDAR
NA,31029,CHASE
NA,31031,CHERRY
NA,31033,CHEYENNE
0.2044989775051125,31035,CLAY
NA,31037,COLFAX
NA,31039,CUMING
NA,31041,CUSTER
0.5042016806722689,31043,DAKOTA
NA,31045,DAWES
0.08568980291345331,31047,DAWSON
NA,31049,DEUEL
0.9174311926605505,31051,DIXON
0.38639876352395675,31053,DODGE
0.5940141649531643,31055,DOUGLAS
NA,31057,DUNDY
NA,31059,FILLMORE
NA,31061,FRANKLIN
NA,31063,FRONTIER
NA,31065,FURNAS
0.32232070910556004,31067,GAGE
NA,31069,GARDEN
NA,31071,GARFIELD
NA,31073,GOSPER
NA,31075,GRANT
NA,31077,GREELEY
0.29311187103077674,31079,HALL
NA,31081,HAMILTON
NA,31083,HARLAN
NA,31085,HAYES
NA,31087,HITCHCOCK
NA,31089,HOLT
NA,31091,HOOKER
NA,31093,HOWARD
NA,31095,JEFFERSON
0.4291845493562232,31097,JOHNSON
NA,31099,KEARNEY
0.2061855670103093,31101,KEITH
NA,31103,KEYA PAHA
NA,31105,KIMBALL
0.09569377990430622,31107,KNOX
0.37651652489192583,31109,LANCASTER
0.1413427561837456,31111,LINCOLN
NA,31113,LOGAN
NA,31115,LOUP
NA,31117,MCPHERSON
0.053304904051172705,31119,MADISON
NA,31121,MERRICK
NA,31123,MORRILL
NA,31125,"NANCE"
NA,31127,NEMAHA
NA,31129,NUCKOLLS
NA,31131,OTOE
0.5128205128205128,31133,PAWNEE
NA,31135,PERKINS
NA,31137,PHELPS
NA,31139,PIERCE
0.04935834155972359,31141,PLATTE
NA,31143,POLK
NA,31145,RED WILLOW
NA,31147,RICHARDSON
NA,31149,ROCK
NA,31151,SALINE
0.24381748519679552,31153,SARPY
NA,31155,SAUNDERS
NA,31157,SCOTTS BLUFF
0.340522133938706,31159,SEWARD
NA,31161,SHERIDAN
NA,31163,SHERMAN
NA,31165,SIOUX
NA,31167,STANTON
NA,31169,THAYER
NA,31171,THOMAS
NA,31173,THURSTON
0.2028397565922921,31175,VALLEY
0.14513788098693758,31177,WASHINGTON
0.5110732538330494,31179,WAYNE
NA,31181,WEBSTER
NA,31183,WHEELER
NA,31185,YORK
NA,32001,CHURCHILL
0.0029099374363451185,32003,CLARK
NA,32005,DOUGLAS
NA,32007,ELKO
NA,32009,ESMERALDA
NA,32011,EUREKA
NA,32013,HUMBOLDT
NA,32015,LANDER
NA,32017,LINCOLN
NA,32019,LYON
NA,32021,MINERAL
NA,32023,NYE
NA,32027,PERSHING
NA,32029,STOREY
NA,32031,WASHOE
NA,32033,WHITE PINE
NA,32510,CARSON CITY
0.9826152683295541,33001,BELKNAP
0.631911532385466,33003,CARROLL
0.38197097020626436,33005,CHESHIRE
0.2136752136752137,33007,COOS
0.20597322348094746,33009,GRAFTON
0.7966143888473985,33011,HILLSBOROUGH
0.26720106880427524,33013,MERRIMACK
0.7246376811594203,33015,ROCKINGHAM
0.35228988424760943,33017,STRAFFORD
NA,33019,SULLIVAN
1.945837512537613,34001,ATLANTIC
2.9620467417485843,34003,BERGEN
1.4199759326113117,34005,BURLINGTON
1.5834836640609342,34007,CAMDEN
1.8214285714285714,34009,CAPE MAY
1.7955112219451372,34011,CUMBERLAND
3.0060304746121624,34013,ESSEX
1.2527964205816555,34015,GLOUCESTER
4.053133514986376,34017,HUDSON
1.8569463548830811,34019,HUNTERDON
1.7271157167530224,34021,MERCER
3.3399881292829012,34023,MIDDLESEX
2.956352819765677,34025,MONMOUTH
2.617841838722244,34027,MORRIS
4.0382037533512065,34029,OCEAN
3.2756085606926972,34031,PASSAIC
0.8519701810436635,34033,SALEM
2.4648786717752236,34035,SOMERSET
4.934070608251808,34037,SUSSEX
2.887041709959923,34039,UNION
3.187250996015936,34041,WARREN
1.2375249500998005,35001,BERNALILLO
NA,35003,CATRON
0.8373205741626795,35005,CHAVES
NA,35006,CIBOLA
1.092896174863388,35007,COLFAX
0.2751031636863824,35009,CURRY
NA,35011,DE BACA
1.9642230796211857,35013,DONA ANA
0.1885014137606032,35015,EDDY
0.7067137809187279,35017,GRANT
NA,35019,GUADALUPE
NA,35021,HARDING
NA,35023,HIDALGO
1.1838440111420612,35025,LEA
0.24330900243309003,35027,LINCOLN
0.48543689320388345,35028,LOS ALAMOS
0.5181347150259068,35029,LUNA
0.41067761806981523,35031,MCKINLEY
NA,35033,MORA
0.9852216748768473,35035,OTERO
NA,35037,QUAY
0.3448275862068966,35039,RIO ARRIBA
1.083032490974729,35041,ROOSEVELT
0.9540329575021683,35043,SANDOVAL
0.14513788098693758,35045,SAN JUAN
0.4464285714285714,35047,SAN MIGUEL
1.080607476635514,35049,SANTA FE
NA,35051,SIERRA
1.9417475728155338,35053,SOCORRO
0.43731778425655976,35055,TAOS
1.7241379310344827,35057,TORRANCE
NA,35059,UNION
2.8260869565217392,35061,VALENCIA
0.9979728676126618,36001,ALBANY
1.2722646310432568,36003,ALLEGANY
3.331952417588921,36005,BRONX
0.7536041939711665,36007,BROOME
1.1702127659574468,36009,CATTARAUGUS
0.24896265560165973,36011,CAYUGA
1.1841326228537596,36013,CHAUTAUQUA
0.5172413793103449,36015,CHEMUNG
1.718213058419244,36017,CHENANGO
0.5644402634054563,36019,CLINTON
1.0980966325036603,36021,COLUMBIA
0.3787878787878788,36023,CORTLAND
1.347305389221557,36025,DELAWARE
1.6452442159383032,36027,DUTCHESS
0.890190996675869,36029,ERIE
0.30120481927710846,36031,ESSEX
0.3412969283276451,36033,FRANKLIN
1.6920473773265652,36035,FULTON
0.22753128555176336,36037,GENESEE
0.45045045045045046,36039,GREENE
1.0638297872340425,36041,HAMILTON
0.56657223796034,36043,HERKIMER
0.42038885969521805,36045,JEFFERSON
4.206850235057085,36047,KINGS
NA,36049,LEWIS
0.9489916963226572,36051,LIVINGSTON
0.7829977628635347,36053,MADISON
0.6573597180807806,36055,MONROE
1.7857142857142856,36057,MONTGOMERY
3.1762590726477704,36059,"NASSAU"
2.3644436157691726,36061,NEW YORK
0.984009840098401,36063,NIAGARA
1.0051694428489375,36065,ONEIDA
0.7279144149112164,36067,ONONDAGA
0.6372325898953117,36069,ONTARIO
3.123753821613718,36071,ORANGE
0.5747126436781609,36073,ORLEANS
1.016702977487291,36075,OSWEGO
0.5889281507656066,36077,OTSEGO
2.504638218923933,36079,PUTNAM
4.227927173002209,36081,QUEENS
0.7709750566893424,36083,RENSSELAER
3.096172198070194,36085,RICHMOND
5.336376480817302,36087,ROCKLAND
0.3062787136294028,36089,SAINT LAWRENCE
0.8135917683656377,36091,SARATOGA
1.5037593984962405,36093,SCHENECTADY
2.3255813953488373,36095,SCHOHARIE
NA,36097,SCHUYLER
0.45558086560364464,36099,SENECA
0.16638935108153077,36101,STEUBEN
2.8453288538570876,36103,SUFFOLK
2.25,36105,SULLIVAN
0.3552397868561279,36107,TIOGA
0.6014215418261345,36109,TOMPKINS
1.1315789473684212,36111,ULSTER
0.13003901170351106,36113,WARREN
1.1730205278592376,36115,WASHINGTON
1.1075949367088607,36117,WAYNE
2.5226820092940914,36119,WESTCHESTER
1.601423487544484,36121,WYOMING
0.2762430939226519,36123,YATES
NA,37001,ALAMANCE
NA,37003,ALEXANDER
NA,37005,ALLEGHANY
NA,37007,ANSON
NA,37009,ASHE
NA,37011,AVERY
NA,37013,BEAUFORT
NA,37015,BERTIE
NA,37017,BLADEN
NA,37019,BRUNSWICK
NA,37021,BUNCOMBE
NA,37023,BURKE
NA,37025,CABARRUS
NA,37027,CALDWELL
NA,37029,CAMDEN
NA,37031,CARTERET
NA,37033,CASWELL
NA,37035,CATAWBA
NA,37037,CHATHAM
NA,37039,CHEROKEE
NA,37041,CHOWAN
NA,37043,CLAY
NA,37045,CLEVELAND
NA,37047,COLUMBUS
NA,37049,CRAVEN
NA,37051,CUMBERLAND
NA,37053,CURRITUCK
NA,37055,DARE
NA,37057,DAVIDSON
NA,37059,DAVIE
NA,37061,DUPLIN
NA,37063,DURHAM
NA,37065,EDGECOMBE
NA,37067,FORSYTH
NA,37069,FRANKLIN
NA,37071,GASTON
NA,37073,GATES
NA,37075,GRAHAM
NA,37077,GRANVILLE
NA,37079,GREENE
0.008121497604158206,37081,GUILFORD
NA,37083,HALIFAX
NA,37085,HARNETT
NA,37087,HAYWOOD
NA,37089,HENDERSON
NA,37091,HERTFORD
NA,37093,HOKE
NA,37095,HYDE
NA,37097,IREDELL
NA,37099,JACKSON
NA,37101,JOHNSTON
NA,37103,JONES
NA,37105,LEE
NA,37107,LENOIR
NA,37109,LINCOLN
NA,37111,MCDOWELL
NA,37113,MACON
NA,37115,MADISON
NA,37117,MARTIN
NA,37119,MECKLENBURG
NA,37121,MITCHELL
NA,37123,MONTGOMERY
NA,37125,MOORE
NA,37127,"NASH"
0.018439977872026555,37129,NEW HANOVER
NA,37131,NORTHAMPTON
0.04918839153959665,37133,ONSLOW
NA,37135,ORANGE
NA,37137,PAMLICO
NA,37139,PASQUOTANK
NA,37141,PENDER
NA,37143,PERQUIMANS
NA,37145,PERSON
NA,37147,PITT
NA,37149,POLK
NA,37151,RANDOLPH
NA,37153,RICHMOND
NA,37155,ROBESON
NA,37157,ROCKINGHAM
NA,37159,ROWAN
NA,37161,RUTHERFORD
NA,37163,SAMPSON
NA,37165,SCOTLAND
NA,37167,STANLY
NA,37169,STOKES
NA,37171,SURRY
NA,37173,SWAIN
NA,37175,TRANSYLVANIA
NA,37177,TYRRELL
NA,37179,UNION
NA,37181,VANCE
0.0041303539713353436,37183,WAKE
NA,37185,WARREN
NA,37187,WASHINGTON
NA,37189,WATAUGA
NA,37191,WAYNE
NA,37193,WILKES
NA,37195,WILSON
NA,37197,YADKIN
NA,37199,YANCEY
NA,38001,ADAMS
NA,38003,BARNES
NA,38005,BENSON
NA,38007,BILLINGS
NA,38009,BOTTINEAU
NA,38011,BOWMAN
NA,38013,BURKE
NA,38015,BURLEIGH
NA,38017,CASS
NA,38019,CAVALIER
NA,38021,DICKEY
NA,38023,DIVIDE
NA,38025,DUNN
NA,38027,EDDY
NA,38029,EMMONS
NA,38031,FOSTER
NA,38033,GOLDEN VALLEY
NA,38035,GRAND FORKS
NA,38037,GRANT
NA,38039,GRIGGS
NA,38041,HETTINGER
NA,38043,KIDDER
NA,38045,LAMOURE
NA,38047,LOGAN
NA,38049,MCHENRY
NA,38051,MCINTOSH
NA,38053,MCKENZIE
NA,38055,MCLEAN
NA,38057,MERCER
NA,38059,MORTON
NA,38061,MOUNTRAIL
NA,38063,NELSON
NA,38065,OLIVER
NA,38067,PEMBINA
NA,38069,PIERCE
NA,38071,RAMSEY
NA,38073,RANSOM
NA,38075,RENVILLE
NA,38077,RICHLAND
NA,38079,ROLETTE
NA,38081,SARGENT
NA,38083,SHERIDAN
NA,38085,SIOUX
NA,38087,SLOPE
NA,38089,STARK
NA,38091,STEELE
NA,38093,STUTSMAN
NA,38095,TOWNER
NA,38097,TRAILL
NA,38099,WALSH
NA,38101,WARD
NA,38103,WELLS
NA,38105,WILLIAMS
0.9259259259259258,39001,ADAMS
0.26441036488630354,39003,ALLEN
0.684931506849315,39005,ASHLAND
0.38314176245210724,39007,ASHTABULA
NA,39009,ATHENS
0.19646365422396855,39011,AUGLAIZE
0.6361323155216284,39013,BELMONT
0.9316770186335404,39015,BROWN
1.1251278554381179,39017,BUTLER
NA,39019,CARROLL
0.34071550255536626,39021,CHAMPAIGN
0.6085192697768762,39023,CLARK
1.4290693621470896,39025,CLERMONT
0.4807692307692308,39027,CLINTON
1.4570552147239262,39029,COLUMBIANA
1.4457831325301205,39031,COSHOCTON
0.49261083743842365,39033,CRAWFORD
1.2790568346123903,39035,CUYAHOGA
0.1480384900074019,39037,DARKE
0.9943181818181818,39039,DEFIANCE
1.208605269518975,39041,DELAWARE
0.7330482590103848,39043,ERIE
1.0911925175370227,39045,FAIRFIELD
0.6741573033707865,39047,FAYETTE
1.9575757575757575,39049,FRANKLIN
0.33112582781456956,39051,FULTON
NA,39053,GALLIA
0.9141696292534282,39055,GEAUGA
1.0769230769230769,39057,GREENE
0.7092198581560284,39059,GUERNSEY
1.2214752390872077,39061,HAMILTON
0.4158004158004158,39063,HANCOCK
0.42643923240938164,39065,HARDIN
0.8064516129032258,39067,HARRISON
0.823045267489712,39069,HENRY
0.46439628482972134,39071,HIGHLAND
0.303951367781155,39073,HOCKING
0.6877579092159559,39075,HOLMES
0.6829268292682927,39077,HURON
0.5141388174807198,39079,JACKSON
0.7299270072992701,39081,JEFFERSON
0.8771929824561403,39083,KNOX
0.9806157354618017,39085,LAKE
0.3472222222222222,39087,LAWRENCE
1.1450381679389312,39089,LICKING
0.27548209366391185,39091,LOGAN
1.0189810189810191,39093,LORAIN
1.211761715108889,39095,LUCAS
0.5586592178770949,39097,MADISON
1.1806981519507187,39099,MAHONING
0.36363636363636365,39101,MARION
0.9259259259259258,39103,MEDINA
NA,39105,MEIGS
0.06006006006006006,39107,MERCER
0.6888633754305395,39109,MIAMI
2.803738317757009,39111,MONROE
0.8631319358816275,39113,MONTGOMERY
NA,39115,MORGAN
0.5037783375314862,39117,MORROW
0.6436041834271923,39119,MUSKINGUM
NA,39121,NOBLE
0.5165289256198348,39123,OTTAWA
NA,39125,PAULDING
0.29069767441860467,39127,PERRY
1.2162162162162162,39129,PICKAWAY
0.9933774834437087,39131,PIKE
1.1235955056179776,39133,PORTAGE
1.1267605633802817,39135,PREBLE
NA,39137,PUTNAM
0.49480455220188024,39139,RICHLAND
0.7486631016042781,39141,ROSS
0.36133694670280037,39143,SANDUSKY
0.628930817610063,39145,SCIOTO
0.08244023083264633,39147,SENECA
0.1990049751243781,39149,SHELBY
1.526152022521855,39151,STARK
1.2282660711437232,39153,SUMMIT
0.9498853586636096,39155,TRUMBULL
0.6607929515418502,39157,TUSCARAWAS
0.851581508515815,39159,UNION
0.13386880856760375,39161,VAN WERT
NA,39163,VINTON
0.8238636363636362,39165,WARREN
0.10787486515641855,39167,WASHINGTON
0.7891770011273956,39169,WAYNE
0.15552099533437014,39171,WILLIAMS
0.5909090909090909,39173,WOOD
0.5617977528089888,39175,WYANDOT
NA,40001,ADAIR
NA,40003,ALFALFA
NA,40005,ATOKA
NA,40007,BEAVER
NA,40009,BECKHAM
NA,40011,BLAINE
NA,40013,BRYAN
NA,40015,CADDO
0.7494646680942184,40017,CANADIAN
0.19404915912031048,40019,CARTER
0.08216926869350863,40021,CHEROKEE
0.1607717041800643,40023,CHOCTAW
NA,40025,CIMARRON
0.6583760058522311,40027,CLEVELAND
0.3558718861209964,40029,COAL
0.5170630816959669,40031,COMANCHE
NA,40033,COTTON
0.19723865877712032,40035,CRAIG
0.23923444976076555,40037,CREEK
0.15128593040847202,40039,CUSTER
0.1088139281828074,40041,DELAWARE
NA,40043,DEWEY
NA,40045,ELLIS
0.3888888888888889,40047,GARFIELD
0.4163197335553705,40049,GARVIN
0.4051863857374392,40051,GRADY
NA,40053,GRANT
NA,40055,GREER
NA,40057,HARMON
NA,40059,HARPER
NA,40061,HASKELL
0.23364485981308408,40063,HUGHES
0.10964912280701754,40065,JACKSON
NA,40067,JEFFERSON
0.35842293906810035,40069,JOHNSTON
0.1646090534979424,40071,KAY
NA,40073,KINGFISHER
0.3853564547206166,40075,KIOWA
0.35211267605633806,40077,LATIMER
0.07722007722007722,40079,LE FLORE
0.2915451895043732,40081,LINCOLN
0.6586169045005488,40083,LOGAN
NA,40085,LOVE
0.28929604628736744,40087,MCCLAIN
0.29069767441860467,40089,MCCURTAIN
0.14144271570014144,40091,MCINTOSH
NA,40093,MAJOR
0.3194888178913738,40095,MARSHALL
0.3926701570680628,40097,MAYES
NA,40099,MURRAY
0.5438066465256798,40101,MUSKOGEE
0.22675736961451248,40103,NOBLE
0.29239766081871343,40105,NOWATA
0.26595744680851063,40107,OKFUSKEE
0.9859671650004586,40109,OKLAHOMA
0.9174311926605505,40111,OKMULGEE
0.11641443538998836,40113,OSAGE
0.11848341232227488,40115,OTTAWA
0.4166666666666667,40117,PAWNEE
0.5277044854881267,40119,PAYNE
0.18115942028985507,40121,PITTSBURG
NA,40123,PONTOTOC
0.5804311774461027,40125,POTTAWATOMIE
0.17421602787456447,40127,PUSHMATAHA
NA,40129,ROGER MILLS
0.5006257822277848,40131,ROGERS
0.9652509652509652,40133,SEMINOLE
NA,40135,SEQUOYAH
0.07194244604316546,40137,STEPHENS
0.13513513513513514,40139,TEXAS
NA,40141,TILLMAN
0.6896996261441279,40143,TULSA
0.26501766784452296,40145,WAGONER
NA,40147,WASHINGTON
NA,40149,WASHITA
0.15151515151515152,40151,WOODS
0.0765696784073507,40153,WOODWARD
NA,41001,BAKER
0.38109756097560976,41003,BENTON
1.5131964809384164,41005,CLACKAMAS
1.0816125860373649,41007,CLATSOP
0.7285974499089253,41009,COLUMBIA
0.8333333333333334,41011,COOS
2.1671826625387,41013,CROOK
0.2680965147453083,41015,CURRY
1.0553058432675395,41017,DESCHUTES
0.5212211466865228,41019,DOUGLAS
NA,41021,GILLIAM
NA,41023,GRANT
NA,41025,HARNEY
1.3528748590755355,41027,HOOD RIVER
0.798175598631699,41029,JACKSON
0.9868421052631579,41031,JEFFERSON
0.9060955518945634,41033,JOSEPHINE
0.5005005005005005,41035,KLAMATH
NA,41037,LAKE
1.5931766977792083,41039,LANE
0.6896551724137931,41041,LINCOLN
1.1508951406649617,41043,LINN
NA,41045,MALHEUR
1.9506597819850833,41047,MARION
NA,41049,MORROW
1.8114061984055851,41051,MULTNOMAH
1.066350710900474,41053,POLK
NA,41055,SHERMAN
0.6593406593406593,41057,TILLAMOOK
0.7142857142857143,41059,UMATILLA
0.23094688221709006,41061,UNION
NA,41063,WALLOWA
0.4434589800443459,41065,WASCO
1.6950784936916115,41067,WASHINGTON
NA,41069,WHEELER
1.5113350125944585,41071,YAMHILL
0.38080731150038083,42001,ADAMS
1.0104744300677757,42003,ALLEGHENY
0.6811989100817438,42005,ARMSTRONG
0.3902439024390244,42007,BEAVER
0.5102040816326531,42009,BEDFORD
1.2867355043685464,42011,BERKS
0.1576458223857068,42013,BLAIR
0.9761388286334056,42015,BRADFORD
1.3010529139561398,42017,BUCKS
0.41074249605055296,42019,BUTLER
0.7649158592554819,42021,CAMBRIA
NA,42023,CAMERON
1.13314447592068,42025,CARBON
0.5102040816326531,42027,CENTRE
2.096493637279136,42029,CHESTER
4.948453608247423,42031,CLARION
0.8138351983723295,42033,CLEARFIELD
NA,42035,CLINTON
0.43383947939262474,42037,COLUMBIA
0.7751937984496124,42039,CRAWFORD
0.4828696252011957,42041,CUMBERLAND
0.8732737611697806,42043,DAUPHIN
1.4788482047635976,42045,DELAWARE
0.5692599620493358,42047,ELK
0.961781827385472,42049,ERIE
0.4221954161640531,42051,FAYETTE
NA,42053,FOREST
0.5589194224499302,42055,FRANKLIN
1.0526315789473684,42057,FULTON
0.3067484662576687,42059,GREENE
NA,42061,HUNTINGDON
0.4524886877828055,42063,INDIANA
0.8264462809917356,42065,JEFFERSON
0.33557046979865773,42067,JUNIATA
0.41928721174004197,42069,LACKAWANNA
1.0140585388338328,42071,LANCASTER
0.2329192546583851,42073,LAWRENCE
1.157830591102986,42075,LEBANON
2.050963331261653,42077,LEHIGH
0.945945945945946,42079,LUZERNE
0.5574136008918618,42081,LYCOMING
0.7633587786259541,42083,MCKEAN
0.5640157924421884,42085,MERCER
0.3454231433506045,42087,MIFFLIN
1.717557251908397,42089,MONROE
1.2910855960183314,42091,MONTGOMERY
0.4444444444444444,42093,MONTOUR
1.8251103088648215,42095,NORTHAMPTON
1.858736059479554,42097,NORTHUMBERLAND
0.3976143141153081,42099,PERRY
1.7676887351310364,42101,PHILADELPHIA
1.3966480446927374,42103,PIKE
1.0869565217391304,42105,POTTER
1.2156110044785668,42107,SCHUYLKILL
2.413793103448276,42109,SNYDER
0.2717391304347826,42111,SOMERSET
NA,42113,SULLIVAN
0.16583747927031509,42115,SUSQUEHANNA
NA,42117,TIOGA
0.4838709677419355,42119,UNION
1.5432098765432098,42121,VENANGO
2.2900763358778624,42123,WARREN
1.3161579389526743,42125,WASHINGTON
0.6237006237006237,42127,WAYNE
0.7695195195195195,42129,WESTMORELAND
0.2695417789757413,42131,WYOMING
0.7389162561576355,42133,YORK
NA,44001,BRISTOL
NA,44003,KENT
NA,44005,NEWPORT
NA,44007,PROVIDENCE
NA,44009,WASHINGTON
2.4691358024691357,45001,ABBEVILLE
1.4078674948240166,45003,AIKEN
0.4424778761061947,45005,ALLENDALE
1.0612803834303322,45007,ANDERSON
2.8455284552845526,45009,BAMBERG
1.1396011396011396,45011,BARNWELL
1.5589179275561669,45013,BEAUFORT
3.4892541087231352,45015,BERKELEY
0.8888888888888888,45017,CALHOUN
2.435858277336591,45019,CHARLESTON
2.7522935779816518,45021,CHEROKEE
2.338129496402878,45023,CHESTER
2.73972602739726,45025,CHESTERFIELD
1.0043041606886656,45027,CLARENDON
1.3969732246798603,45029,COLLETON
1.48471615720524,45031,DARLINGTON
2.375809935205184,45033,DILLON
2.3704707077548255,45035,DORCHESTER
1.146131805157593,45037,EDGEFIELD
1.4457831325301205,45039,FAIRFIELD
3.6672140120415984,45041,FLORENCE
0.5674653215636822,45043,GEORGETOWN
1.8124782154060648,45045,GREENVILLE
0.9587020648967551,45047,GREENWOOD
0.5050505050505051,45049,HAMPTON
0.8192318023099652,45051,HORRY
1.495016611295681,45053,JASPER
2.1853146853146854,45055,KERSHAW
2.793296089385475,45057,LANCASTER
1.440576230492197,45059,LAURENS
0.5333333333333333,45061,LEE
1.7292126563649743,45063,LEXINGTON
NA,45065,MCCORMICK
0.7952286282306162,45067,MARION
4.71976401179941,45069,MARLBORO
2.0618556701030926,45071,NEWBERRY
1.8610421836228286,45073,OCONEE
3.37909186906019,45075,ORANGEBURG
2.2869022869022873,45077,PICKENS
2.0498291809015914,45079,RICHLAND
0.5649717514124294,45081,SALUDA
1.654715940430226,45083,SPARTANBURG
0.8491847826086956,45085,SUMTER
NA,45087,UNION
1.7857142857142856,45089,WILLIAMSBURG
2.261747913921827,45091,YORK
NA,46003,AURORA
NA,46005,BEADLE
NA,46007,BENNETT
NA,46009,BON HOMME
NA,46011,BROOKINGS
NA,46013,BROWN
NA,46015,BRULE
NA,46017,BUFFALO
NA,46019,BUTTE
NA,46021,CAMPBELL
NA,46023,CHARLES MIX
NA,46025,CLARK
NA,46027,CLAY
NA,46029,CODINGTON
NA,46031,CORSON
NA,46033,CUSTER
NA,46035,DAVISON
NA,46037,DAY
NA,46039,DEUEL
NA,46041,DEWEY
NA,46043,DOUGLAS
NA,46045,EDMUNDS
NA,46047,FALL RIVER
NA,46049,FAULK
NA,46051,GRANT
NA,46053,GREGORY
NA,46055,HAAKON
NA,46057,HAMLIN
NA,46059,HAND
NA,46061,HANSON
NA,46063,HARDING
NA,46065,HUGHES
NA,46067,HUTCHINSON
NA,46069,HYDE
NA,46071,JACKSON
NA,46073,JERAULD
NA,46075,JONES
NA,46077,KINGSBURY
NA,46079,LAKE
NA,46081,LAWRENCE
NA,46083,LINCOLN
NA,46085,LYMAN
NA,46087,MCCOOK
NA,46089,MCPHERSON
NA,46091,MARSHALL
NA,46093,MEADE
NA,46095,MELLETTE
NA,46097,MINER
NA,46099,MINNEHAHA
NA,46101,MOODY
NA,46102,OGLALA LAKOTA
NA,46103,PENNINGTON
NA,46105,PERKINS
NA,46107,POTTER
NA,46109,ROBERTS
NA,46111,SANBORN
NA,46113,SHANNON
NA,46115,SPINK
NA,46117,STANLEY
NA,46119,SULLY
NA,46121,TODD
NA,46123,TRIPP
NA,46125,TURNER
NA,46127,UNION
NA,46129,WALWORTH
NA,46135,YANKTON
NA,46137,ZIEBACH
1.45681581685744,47001,ANDERSON
0.38809831824062097,47003,BEDFORD
0.3424657534246575,47005,BENTON
0.3436426116838488,47007,BLEDSOE
1.3646288209606987,47009,BLOUNT
1.0282776349614395,47011,BRADLEY
0.727802037845706,47013,CAMPBELL
0.591715976331361,47015,CANNON
0.4132231404958678,47017,CARROLL
1.0893246187363834,47019,CARTER
2.3769100169779285,47021,CHEATHAM
NA,47023,CHESTER
0.1984126984126984,47025,CLAIBORNE
NA,47027,CLAY
NA,47029,COCKE
0.9182736455463728,47031,COFFEE
NA,47033,CROCKETT
0.18034265103697023,47035,CUMBERLAND
2.326354270521768,47037,DAVIDSON
0.33112582781456956,47039,DECATUR
0.6696428571428571,47041,DEKALB
0.546448087431694,47043,DICKSON
0.3592814371257485,47045,DYER
1.4260249554367201,47047,FAYETTE
NA,47049,FENTRESS
0.3901170351105332,47051,FRANKLIN
0.2777777777777778,47053,GIBSON
0.7532956685499058,47055,GILES
1.0273972602739725,47057,GRAINGER
0.34324942791762014,47059,GREENE
NA,47061,GRUNDY
3.733333333333334,47063,HAMBLEN
1.9602977667493797,47065,HAMILTON
1.9047619047619049,47067,HANCOCK
0.9693053311793215,47069,HARDEMAN
0.5424954792043399,47071,HARDIN
1.3544018058690745,47073,HAWKINS
0.6160164271047228,47075,HAYWOOD
NA,47077,HENDERSON
0.2688172043010753,47079,HENRY
2.5179856115107913,47081,HICKMAN
NA,47083,HOUSTON
0.30120481927710846,47085,HUMPHREYS
NA,47087,JACKSON
2.941176470588235,47089,JEFFERSON
0.43478260869565216,47091,JOHNSON
1.2086854209006312,47093,KNOX
NA,47095,LAKE
2.6066350710900474,47097,LAUDERDALE
0.1182033096926714,47099,LAWRENCE
NA,47101,LEWIS
0.375,47103,LINCOLN
1.6795865633074936,47105,LOUDON
0.9395973154362416,47107,MCMINN
0.22779043280182232,47109,MCNAIRY
NA,47111,MACON
0.49079754601227,47113,MADISON
1.6055045871559634,47115,MARION
1.0245901639344261,47117,MARSHALL
2.2339800117577897,47119,MAURY
NA,47121,MEIGS
0.11312217194570137,47123,MONROE
0.934322616103325,47125,MONTGOMERY
NA,47127,MOORE
NA,47129,MORGAN
0.7518796992481203,47131,OBION
0.13020833333333331,47133,OVERTON
0.625,47135,PERRY
NA,47137,PICKETT
0.7042253521126761,47139,POLK
0.6796116504854369,47141,PUTNAM
0.8,47143,RHEA
0.8547008547008548,47145,ROANE
3.824091778202677,47147,ROBERTSON
1.803921568627451,47149,RUTHERFORD
1.2461059190031152,47151,SCOTT
NA,47153,SEQUATCHIE
0.546448087431694,47155,SEVIER
2.683853459972863,47157,SHELBY
0.6479481641468683,47159,SMITH
1.7857142857142856,47161,STEWART
1.228293096145701,47163,SULLIVAN
2.0054945054945055,47165,SUMNER
1.3761467889908259,47167,TIPTON
1.2121212121212122,47169,TROUSDALE
NA,47171,UNICOI
0.5847953216374269,47173,UNION
NA,47175,VAN BUREN
0.40595399188092013,47177,WARREN
1.0936757013789824,47179,WASHINGTON
0.4464285714285714,47181,WAYNE
0.32102728731942215,47183,WEAKLEY
0.2869440459110474,47185,WHITE
1.8284106891701828,47187,WILLIAMSON
1.2435233160621761,47189,WILSON
0.8119079837618403,48001,ANDERSON
0.24937655860349126,48003,ANDREWS
0.6548788474132285,48005,ANGELINA
0.9009009009009009,48007,ARANSAS
0.628930817610063,48009,ARCHER
NA,48011,ARMSTRONG
1.10803324099723,48013,ATASCOSA
0.7125890736342043,48015,AUSTIN
0.5208333333333333,48017,BAILEY
0.8875739644970414,48019,BANDERA
1.124567474048443,48021,BASTROP
NA,48023,BAYLOR
2.4657534246575343,48025,BEE
1.4087050749503343,48027,BELL
1.4620237806357679,48029,BEXAR
0.6734006734006733,48031,BLANCO
NA,48033,BORDEN
0.5263157894736842,48035,BOSQUE
0.5612244897959183,48037,BOWIE
1.882582624459629,48039,BRAZORIA
0.7724137931034483,48041,BRAZOS
NA,48043,BREWSTER
NA,48045,BRISCOE
NA,48047,BROOKS
0.3218884120171674,48049,BROWN
NA,48051,BURLESON
0.28680688336520077,48053,BURNET
1.8480492813141685,48055,CALDWELL
0.641025641025641,48057,CALHOUN
0.33444816053511706,48059,CALLAHAN
2.086007702182285,48061,CAMERON
0.8733624454148471,48063,CAMP
0.6666666666666667,48065,CARSON
0.4158004158004158,48067,CASS
0.26666666666666666,48069,CASTRO
0.8090614886731391,48071,CHAMBERS
0.966183574879227,48073,CHEROKEE
NA,48075,CHILDRESS
0.3003003003003003,48077,CLAY
NA,48079,COCHRAN
NA,48081,COKE
NA,48083,COLEMAN
2.265906362545018,48085,COLLIN
NA,48087,COLLINGSWORTH
0.32786885245901637,48089,COLORADO
1.3254786450662739,48091,COMAL
0.26595744680851063,48093,COMANCHE
NA,48095,CONCHO
0.10319917440660474,48097,COOKE
1.1194029850746268,48099,CORYELL
NA,48101,COTTLE
NA,48103,CRANE
NA,48105,CROCKETT
NA,48107,CROSBY
NA,48109,CULBERSON
NA,48111,DALLAM
2.2772966285184038,48113,DALLAS
NA,48115,DAWSON
NA,48117,DEAF SMITH
0.9803921568627451,48119,DELTA
1.740833424001741,48121,DENTON
NA,48123,DEWITT
NA,48125,DICKENS
NA,48127,DIMMIT
NA,48129,DONLEY
0.625,48131,DUVAL
0.7177033492822966,48133,EASTLAND
2.1554855897311698,48135,ECTOR
NA,48137,EDWARDS
2.3890784982935154,48139,ELLIS
1.950536630891274,48141,EL PASO
1.956521739130435,48143,ERATH
NA,48145,FALLS
1.1235955056179776,48147,FANNIN
NA,48149,FAYETTE
NA,48151,FISHER
NA,48153,FLOYD
NA,48155,FOARD
2.598458904109589,48157,FORT BEND
NA,48159,FRANKLIN
0.8130081300813009,48161,FREESTONE
0.5714285714285714,48163,FRIO
0.1834862385321101,48165,GAINES
1.6669363974753197,48167,GALVESTON
NA,48169,GARZA
0.36809815950920244,48171,GILLESPIE
NA,48173,GLASSCOCK
NA,48175,GOLIAD
0.18450184501845018,48177,GONZALES
0.516795865633075,48179,GRAY
0.9106678230702514,48181,GRAYSON
0.5641748942172073,48183,GREGG
0.5736137667304015,48185,GRIMES
2.054794520547945,48187,GUADALUPE
0.30257186081694404,48189,HALE
NA,48191,HALL
0.6688963210702341,48193,HAMILTON
NA,48195,HANSFORD
NA,48197,HARDEMAN
1.5698587127158554,48199,HARDIN
2.346611396609977,48201,HARRIS
1.2567324955116697,48203,HARRISON
NA,48205,HARTLEY
0.3703703703703704,48207,HASKELL
1.5167642362959022,48209,HAYS
NA,48211,HEMPHILL
0.9212730318257957,48213,HENDERSON
1.5827862873814733,48215,HIDALGO
0.2886002886002886,48217,HILL
0.423728813559322,48219,HOCKLEY
1.4883720930232558,48221,HOOD
1.0033444816053512,48223,HOPKINS
0.20325203252032523,48225,HOUSTON
0.9090909090909091,48227,HOWARD
2.0408163265306123,48229,HUDSPETH
1.2116316639741518,48231,HUNT
NA,48233,HUTCHINSON
NA,48235,IRION
0.3448275862068966,48237,JACK
0.3558718861209964,48239,JACKSON
0.8438818565400843,48241,JASPER
NA,48243,JEFF DAVIS
1.8085106382978722,48245,JEFFERSON
3.7735849056603774,48247,JIM HOGG
0.9009009009009009,48249,JIM WELLS
1.2532252119424991,48251,JOHNSON
NA,48253,JONES
1.0309278350515463,48255,KARNES
1.8659558263518659,48257,KAUFMAN
0.7086614173228346,48259,KENDALL
NA,48261,KENEDY
NA,48263,KENT
2.200956937799043,48265,KERR
0.7407407407407408,48267,KIMBLE
NA,48269,KING
NA,48271,KINNEY
0.8174386920980926,48273,KLEBERG
NA,48275,KNOX
0.7187780772686434,48277,LAMAR
NA,48279,LAMB
0.2785515320334262,48281,LAMPASAS
2.2222222222222223,48283,LA SALLE
NA,48285,LAVACA
0.17921146953405018,48287,LEE
NA,48289,LEON
2.3041474654377883,48291,LIBERTY
0.3262642740619902,48293,LIMESTONE
NA,48295,LIPSCOMB
NA,48297,LIVE OAK
0.27472527472527475,48299,LLANO
NA,48301,LOVING
0.8386075949367088,48303,LUBBOCK
NA,48305,LYNN
0.2518891687657431,48307,MCCULLOCH
0.8082622361921868,48309,MCLENNAN
NA,48311,MCMULLEN
0.684931506849315,48313,MADISON
3.3557046979865772,48315,MARION
2.2222222222222223,48317,MARTIN
0.38167938931297707,48319,MASON
1.03397341211226,48321,MATAGORDA
0.6493506493506493,48323,MAVERICK
0.6702412868632708,48325,MEDINA
1.5873015873015872,48327,MENARD
1.7503646593040216,48329,MIDLAND
0.16556291390728478,48331,MILAM
0.33783783783783783,48333,MILLS
3,48335,MITCHELL
0.4484304932735426,48337,MONTAGUE
1.8753582835148634,48339,MONTGOMERY
NA,48341,MOORE
NA,48343,MORRIS
NA,48345,MOTLEY
0.4016064257028112,48347,"NACOGDOCHES"
0.6006006006006006,48349,"NAVARRO"
0.5780346820809248,48351,NEWTON
0.35211267605633806,48353,NOLAN
1.049424509140149,48355,NUECES
0.8298755186721992,48357,OCHILTREE
NA,48359,OLDHAM
1.6713091922005572,48361,ORANGE
1.3157894736842104,48363,PALO PINTO
1.3257575757575757,48365,PANOLA
1.381760757994473,48367,PARKER
NA,48369,PARMER
NA,48371,PECOS
1.877346683354193,48373,POLK
0.3506038176860148,48375,POTTER
0.6993006993006993,48377,PRESIDIO
0.4464285714285714,48379,RAINS
0.3683241252302026,48381,RANDALL
NA,48383,REAGAN
NA,48385,REAL
NA,48387,RED RIVER
0.48543689320388345,48389,REEVES
0.9615384615384616,48391,REFUGIO
NA,48393,ROBERTS
0.23923444976076555,48395,ROBERTSON
2.865540044085231,48397,ROCKWALL
NA,48399,RUNNELS
0.7326007326007326,48401,RUSK
1.7391304347826086,48403,SABINE
NA,48405,SAN AUGUSTINE
2.364864864864865,48407,SAN JACINTO
0.8631319358816275,48409,SAN PATRICIO
0.37453183520599254,48411,SAN SABA
NA,48413,SCHLEICHER
0.3731343283582089,48415,SCURRY
NA,48417,SHACKELFORD
0.28530670470756064,48419,SHELBY
NA,48421,SHERMAN
0.6985822888843229,48423,SMITH
0.7142857142857143,48425,SOMERVELL
0.3712871287128713,48427,STARR
NA,48429,STEPHENS
NA,48431,STERLING
NA,48433,STONEWALL
NA,48435,SUTTON
NA,48437,SWISHER
1.911346883630367,48439,TARRANT
0.7954545454545454,48441,TAYLOR
NA,48443,TERRELL
0.3225806451612903,48445,TERRY
NA,48447,THROCKMORTON
0.33112582781456956,48449,TITUS
0.5995717344753747,48451,TOM GREEN
1.8337295094619208,48453,TRAVIS
2.242152466367713,48455,TRINITY
1.0752688172043012,48457,TYLER
1.1904761904761905,48459,UPSHUR
NA,48461,UPTON
0.1303780964797914,48463,UVALDE
0.5964214711729622,48465,VAL VERDE
0.24813895781637718,48467,VAN ZANDT
0.78031212484994,48469,VICTORIA
0.6842619745845552,48471,WALKER
0.7984031936127743,48473,WALLER
0.5076142131979695,48475,WARD
0.21231422505307856,48477,WASHINGTON
2.458423716558207,48479,WEBB
0.7698887938408896,48481,WHARTON
NA,48483,WHEELER
0.5241482590789966,48485,WICHITA
NA,48487,WILBARGER
1.8957345971563981,48489,WILLACY
2.4153248195446975,48491,WILLIAMSON
1.5558698727015559,48493,WILSON
3.205128205128205,48495,WINKLER
1.202749140893471,48497,WISE
0.8156606851549755,48499,WOOD
0.625,48501,YOAKUM
0.12077294685990338,48503,YOUNG
1.0471204188481675,48505,ZAPATA
0.9174311926605505,48507,ZAVALA
0.5524861878453038,49001,BEAVER
0.2985074626865672,49003,BOX ELDER
0.7319304666056725,49005,CACHE
0.906344410876133,49007,CARBON
NA,49009,DAGGETT
1.062573789846517,49011,DAVIS
NA,49013,DUCHESNE
NA,49015,EMERY
NA,49017,GARFIELD
0.7792207792207793,49019,GRAND
0.4291845493562232,49021,IRON
1.5384615384615385,49023,JUAB
NA,49025,KANE
NA,49027,MILLARD
0.4464285714285714,49029,MORGAN
NA,49031,PIUTE
NA,49033,RICH
0.9733315874470778,49035,SALT LAKE
NA,49037,SAN JUAN
0.1890359168241966,49039,SANPETE
NA,49041,SEVIER
0.7700205338809034,49043,SUMMIT
1.0204081632653061,49045,TOOELE
0.47694753577106513,49047,UINTAH
1.8176279447603576,49049,UTAH
0.2638522427440633,49051,WASATCH
0.36496350364963503,49053,WASHINGTON
NA,49055,WAYNE
1.086048454469507,49057,WEBER
NA,50001,ADDISON
NA,50003,BENNINGTON
NA,50005,CALEDONIA
NA,50007,CHITTENDEN
NA,50009,ESSEX
NA,50011,FRANKLIN
NA,50013,GRAND ISLE
NA,50015,LAMOILLE
NA,50017,ORANGE
NA,50019,ORLEANS
NA,50021,RUTLAND
NA,50023,WASHINGTON
NA,50025,WINDHAM
0.1549186676994578,50027,WINDSOR
0.21645021645021645,51001,ACCOMACK
1.4420410427066,51003,ALBEMARLE
NA,51005,ALLEGHANY
0.8695652173913043,51007,AMELIA
1.550387596899225,51009,AMHERST
1.185770750988142,51011,APPOMATTOX
2.3325486839289535,51013,ARLINGTON
0.10683760683760685,51015,AUGUSTA
3.1746031746031744,51017,BATH
1.218369259606373,51019,BEDFORD
NA,51021,BLAND
1.8367346938775513,51023,BOTETOURT
3.5398230088495577,51025,BRUNSWICK
NA,51027,BUCHANAN
NA,51029,BUCKINGHAM
1.4827018121911038,51031,CAMPBELL
1.5673981191222568,51033,CAROLINE
1.4367816091954022,51035,CARROLL
1.1764705882352942,51036,CHARLES CITY
4.733727810650888,51037,CHARLOTTE
1.5792154865002548,51041,CHESTERFIELD
1.006711409395973,51043,CLARKE
NA,51045,CRAIG
1.937046004842615,51047,CULPEPER
1.3986013986013985,51049,CUMBERLAND
0.847457627118644,51051,DICKENSON
NA,51053,DINWIDDIE
0.5291005291005291,51057,ESSEX
2.434014185496686,51059,FAIRFAX
1.5770609318996418,51061,FAUQUIER
1.5873015873015872,51063,FLOYD
0.36363636363636365,51065,FLUVANNA
2.4469820554649266,51067,FRANKLIN
1.2596899224806202,51069,FREDERICK
0.5681818181818182,51071,GILES
0.5964214711729622,51073,GLOUCESTER
1.8469656992084433,51075,GOOCHLAND
NA,51077,GRAYSON
0.3968253968253968,51079,GREENE
NA,51081,GREENSVILLE
2.444987775061125,51083,HALIFAX
0.41647385469689957,51085,HANOVER
1.5407487498310584,51087,HENRICO
4.595185995623632,51089,HENRY
NA,51091,HIGHLAND
1.0330578512396695,51093,ISLE OF WIGHT
1.1888111888111887,51095,JAMES CITY
1.3888888888888888,51097,KING AND QUEEN
1.694915254237288,51099,KING GEORGE
NA,51101,KING WILLIAM
NA,51103,LANCASTER
1.2738853503184715,51105,LEE
1.9768617320004493,51107,LOUDOUN
0.8333333333333334,51109,LOUISA
NA,51111,LUNENBURG
1.0101010101010102,51113,MADISON
NA,51115,MATHEWS
1.3725490196078431,51117,MECKLENBURG
1.3888888888888888,51119,MIDDLESEX
0.935374149659864,51121,MONTGOMERY
0.3968253968253968,51125,NELSON
0.7067137809187279,51127,NEW KENT
1.345291479820628,51131,NORTHAMPTON
1.171875,51133,NORTHUMBERLAND
0.398406374501992,51135,NOTTOWAY
2,51137,ORANGE
0.1976284584980237,51139,PAGE
4.166666666666666,51141,PATRICK
1.9434628975265018,51143,PITTSYLVANIA
NA,51145,POWHATAN
0.8875739644970414,51147,PRINCE EDWARD
0.5970149253731344,51149,PRINCE GEORGE
3.3488606320030216,51153,PRINCE WILLIAM
1.5974440894568689,51155,PULASKI
NA,51157,RAPPAHANNOCK
NA,51159,RICHMOND
1.6038492381716118,51161,ROANOKE
NA,51163,ROCKBRIDGE
1.070472792149866,51165,ROCKINGHAM
0.6185567010309279,51167,RUSSELL
NA,51169,SCOTT
1.1131725417439702,51171,SHENANDOAH
0.186219739292365,51173,SMYTH
0.4149377593360996,51175,SOUTHAMPTON
1.6129032258064515,51177,SPOTSYLVANIA
2.556077203964528,51179,STAFFORD
NA,51181,SURRY
0.8547008547008548,51183,SUSSEX
0.49261083743842365,51185,TAZEWELL
1.6632016632016633,51187,WARREN
0.20554984583761562,51191,WASHINGTON
1.5625,51193,WESTMORELAND
0.5698005698005698,51195,WISE
0.6048387096774194,51197,WYTHE
1.1560693641618496,51199,YORK
3.189300411522634,51510,ALEXANDRIA CITY
NA,51515,BEDFORD CITY
NA,51520,BRISTOL CITY
NA,51530,BUENA VISTA CITY
1.639344262295082,51540,CHARLOTTESVILLE CITY
1.761201761201761,51550,CHESAPEAKE CITY
NA,51560,CLIFTON FORGE CITY
0.2898550724637681,51570,COLONIAL HEIGHTS CITY
NA,51580,COVINGTON CITY
2.380952380952381,51590,DANVILLE CITY
NA,51595,EMPORIA CITY
0.6843455945252352,51600,FAIRFAX CITY
2.167630057803468,51610,FALLS CHURCH CITY
0.6493506493506493,51620,FRANKLIN CITY
1.7103762827822122,51630,FREDERICKSBURG CITY
2.6455026455026456,51640,GALAX CITY
1.5392015392015392,51650,HAMPTON CITY
1.2195121951219512,51660,HARRISONBURG CITY
0.9828009828009828,51670,HOPEWELL CITY
0.4484304932735426,51678,LEXINGTON CITY
1.1596180081855387,51680,LYNCHBURG CITY
3.7900874635568513,51683,MANASSAS CITY
1.015228426395939,51685,MANASSAS PARK CITY
1.276595744680851,51690,MARTINSVILLE CITY
0.9867301803334467,51700,NEWPORT NEWS CITY
1.4558232931726909,51710,NORFOLK CITY
NA,51720,NORTON CITY
2.06286836935167,51730,PETERSBURG CITY
1.550387596899225,51735,POQUOSON CITY
2.0257826887661143,51740,PORTSMOUTH CITY
NA,51750,RADFORD CITY
1.1289985364833788,51760,RICHMOND CITY
1.4257620452310718,51770,ROANOKE CITY
NA,51775,SALEM CITY
NA,51780,SOUTH BOSTON CITY
1.1428571428571428,51790,STAUNTON CITY
1.5486725663716814,51800,SUFFOLK CITY
1.4646522892399956,51810,VIRGINIA BEACH CITY
0.8928571428571428,51820,WAYNESBORO CITY
2.8688524590163933,51830,WILLIAMSBURG CITY
0.62266500622665,51840,WINCHESTER CITY
0.3194888178913738,53001,ADAMS
NA,53003,ASOTIN
1.0924981791697013,53005,BENTON
0.8068582955118508,53007,CHELAN
0.23006134969325154,53009,CLALLAM
2.105643123571171,53011,CLARK
NA,53013,COLUMBIA
1.3157894736842104,53015,COWLITZ
0.9398496240601504,53017,DOUGLAS
NA,53019,FERRY
0.997506234413965,53021,FRANKLIN
NA,53023,GARFIELD
0.40705563093622793,53025,GRANT
1.1764705882352942,53027,GRAYS HARBOR
1.102629346904156,53029,ISLAND
1.4492753623188406,53031,JEFFERSON
2.322414706104849,53033,KING
1.8472566859663635,53035,KITSAP
1.3496932515337423,53037,KITTITAS
1.8567639257294428,53039,KLICKITAT
1.1398963730569949,53041,LEWIS
NA,53043,LINCOLN
1.2612612612612613,53045,MASON
0.39473684210526316,53047,OKANOGAN
0.5115089514066496,53049,PACIFIC
1.7857142857142856,53051,PEND OREILLE
2.034416211000322,53053,PIERCE
0.6299212598425197,53055,SAN JUAN
0.8837825894829873,53057,SKAGIT
0.8403361344537815,53059,SKAMANIA
2.1052631578947367,53061,SNOHOMISH
0.6749555950266429,53063,SPOKANE
0.8421052631578947,53065,STEVENS
1.5287295730100159,53067,THURSTON
NA,53069,WAHKIAKUM
0.9259259259259258,53071,WALLA WALLA
0.7882182119892139,53073,WHATCOM
0.14727540500736377,53075,WHITMAN
1.27143701951508,53077,YAKIMA
0.625,54001,BARBOUR
1.2427506213753108,54003,BERKELEY
3.061224489795918,54005,BOONE
NA,54007,BRAXTON
NA,54009,BROOKE
1.037037037037037,54011,CABELL
NA,54013,CALHOUN
NA,54015,CLAY
NA,54017,DODDRIDGE
1.6203703703703702,54019,FAYETTE
1.2987012987012987,54021,GILMER
NA,54023,GRANT
0.9708737864077669,54025,GREENBRIER
NA,54027,HAMPSHIRE
NA,54029,HANCOCK
0.3787878787878788,54031,HARDY
0.6932409012131715,54033,HARRISON
0.29411764705882354,54035,JACKSON
1.3869625520110958,54037,JEFFERSON
0.5676126878130217,54039,KANAWHA
0.4405286343612335,54041,LEWIS
1.3888888888888888,54043,LINCOLN
0.2958579881656805,54045,LOGAN
0.9615384615384616,54047,MCDOWELL
0.5673758865248227,54049,MARION
NA,54051,MARSHALL
NA,54053,MASON
0.7556675062972292,54055,MERCER
NA,54057,MINERAL
NA,54059,MINGO
0.5205320994794679,54061,MONONGALIA
NA,54063,MONROE
0.423728813559322,54065,MORGAN
2.4390243902439024,54067,NICHOLAS
0.22346368715083798,54069,OHIO
NA,54071,PENDLETON
1.9230769230769231,54073,PLEASANTS
0.591715976331361,54075,POCAHONTAS
0.628930817610063,54077,PRESTON
1.1920529801324504,54079,PUTNAM
1.120162932790224,54081,RALEIGH
NA,54083,RANDOLPH
1.1904761904761905,54085,RITCHIE
NA,54087,ROANE
NA,54089,SUMMERS
1.5384615384615385,54091,TAYLOR
NA,54093,TUCKER
NA,54095,TYLER
NA,54097,UPSHUR
0.8163265306122449,54099,WAYNE
NA,54101,WEBSTER
NA,54103,WETZEL
NA,54105,WIRT
0.6610009442870632,54107,WOOD
NA,54109,WYOMING
NA,55001,ADAMS
0.5208333333333333,55003,ASHLAND
0.245398773006135,55005,BARRON
NA,55007,BAYFIELD
2.095750817150548,55009,BROWN
0.1589825119236884,55011,BUFFALO
NA,55013,BURNETT
2.2309711286089238,55015,CALUMET
0.12690355329949238,55017,CHIPPEWA
NA,55019,CLARK
0.47043010752688175,55021,COLUMBIA
0.15527950310559005,55023,CRAWFORD
0.6643491695635381,55025,DANE
0.70838252656434475,55027,DODGE
0.41841004184100417,55029,DOOR
NA,55031,DOUGLAS
0.18331805682859761,55033,DUNN
0.23889154323936934,55035,EAU CLAIRE
NA,55037,FLORENCE
1.166489925768823,55039,FOND DU LAC
1.276595744680851,55041,FOREST
0.15128593040847202,55043,GRANT
2.2163120567375887,55045,GREEN
1.0964912280701753,55047,GREEN LAKE
0.20387359836901123,55049,IOWA
0.7246376811594203,55051,IRON
NA,55053,JACKSON
1.6042780748663104,55055,JEFFERSON
NA,55057,JUNEAU
1.3303769401330376,55059,KENOSHA
1.215277777777778,55061,KEWAUNEE
0.9430255402750491,55063,LA CROSSE
0.22753128555176336,55065,LAFAYETTE
1.4084507042253522,55067,LANGLADE
0.38314176245210724,55069,LINCOLN
1.048951048951049,55071,MANITOWOC
0.3006388575723412,55073,MARATHON
0.13568521031207598,55075,MARINETTE
0.4048582995951417,55077,MARQUETTE
NA,55078,MENOMINEE
1.9567639848451082,55079,MILWAUKEE
0.19212295869356388,55081,MONROE
1.1782032400589102,55083,OCONTO
0.4305705059203444,55085,ONEIDA
3.1408308004052685,55087,OUTAGAMIE
1.011959521619135,55089,OZAUKEE
NA,55091,PEPIN
0.20325203252032523,55093,PIERCE
0.16906170752324598,55095,POLK
0.3074558032282859,55097,PORTAGE
0.6430868167202572,55099,PRICE
1.7322834645669292,55101,RACINE
0.17921146953405018,55103,RICHLAND
0.9174311926605505,55105,ROCK
NA,55107,RUSK
0.14785608674223755,55109,SAINT CROIX
0.2785515320334262,55111,SAUK
NA,55113,SAWYER
2.132435465768799,55115,SHAWANO
0.5646817248459959,55117,SHEBOYGAN
NA,55119,TAYLOR
NA,55121,TREMPEALEAU
NA,55123,VERNON
0.36036036036036034,55125,VILAS
1.1148812409112943,55127,WALWORTH
0.8492569002123143,55129,WASHBURN
1.4722536806342015,55131,WASHINGTON
1.9562229036692396,55133,WAUKESHA
3.540587219343696,55135,WAUPACA
1.7326732673267329,55137,WAUSHARA
3.268945022288262,55139,WINNEBAGO
0.5582693649685974,55141,WOOD
0.4143646408839779,56001,ALBANY
NA,56003,BIG HORN
0.31746031746031744,56005,CAMPBELL
NA,56007,CARBON
NA,56009,CONVERSE
NA,56011,CROOK
0.16474464579901155,56013,FREMONT
NA,56015,GOSHEN
NA,56017,HOT SPRINGS
0.2145922746781116,56019,JOHNSON
0.9726725335803612,56021,LARAMIE
0.23696682464454977,56023,LINCOLN
0.42036431574030825,56025,"NATRONA"
NA,56027,NIOBRARA
0.3558718861209964,56029,PARK
0.3424657534246575,56031,PLATTE
0.6724949562878278,56033,SHERIDAN
0.7462686567164178,56035,SUBLETTE
NA,56037,SWEETWATER
0.1282051282051282,56039,TETON
0.24875621890547264,56041,UINTA
0.2898550724637681,56043,WASHAKIE
0.38022813688212925,56045,WESTON
